variant,run_label,source_instance,dataset_id,scenario_id,seed,benchmark_mode,rmp_objective,realized_cost_no_lt,realized_cost_with_lt,final_objective_or_total_cost,lt_cost_with_lt,shortage_cost_with_lt,cg_iterations,stopping_reason,total_runtime_seconds,variant_runtime_seconds,shared_baseline_runtime_seconds,total_runtime_with_shared_baseline_seconds,phase1_baseline_runtime_seconds,phase2_cg_runtime_seconds,gnn_inference_runtime_seconds,post_run_fine_tune_runtime_seconds,columns_generated,columns_selected_by_gnn,columns_added_to_rmp,column_pool_utilization,gnn_scoring_failures,repeat,shock_world_id,window_id,shock_seed,window_start_period,window_end_period,window_n_periods,baseline_cache_path,cached_baseline_runtime_seconds,a0_exact_pricing_time_limit
A0_cg_full_exact,A0_cg_full_exact__shock01_window01,,,shock01_window01,42,sliced_cg_only_cached_baseline,2461639999.694992,234339404.0048,221260763.302165,221260763.302165,4220.921365,526894.0,42,convergence_no_negative_rc,3.571889745999897,3.571889745999897,0.0,3.571889745999897,691.1348897149999,0.010846853256225586,0.0,0.0,179,179,173,0.4979919678714859,0,1,1,1,42,1,19,19,/kaggle/working/shared_benchmark_state.pkl.gz,691.304631252,
A0_cg_full_exact,A0_cg_full_exact__shock01_window02,,,shock01_window02,42,sliced_cg_only_cached_baseline,2442519632.0421453,252814405.08,218078269.095787,218078269.095787,8439.967787,2995594.0,43,convergence_no_negative_rc,4.300762571000178,4.300762571000178,0.0,4.300762571000178,691.1348897149999,0.02143096923828125,0.0,0.0,272,272,272,0.588957055214724,0,2,1,2,42,20,38,19,/kaggle/working/shared_benchmark_state.pkl.gz,691.304631252,
A0_cg_full_exact,A0_cg_full_exact__shock01_window03,,,shock01_window03,42,sliced_cg_only_cached_baseline,2442303094.897201,259657092.82,223620869.15803,223620869.15803,8799.67403,10614135.8,43,convergence_no_negative_rc,4.4813702250000915,4.4813702250000915,0.0,4.4813702250000915,691.1348897149999,0.0236661434173584,0.0,0.0,323,323,275,0.6137404580152672,0,3,1,3,42,39,57,19,/kaggle/working/shared_benchmark_state.pkl.gz,691.304631252,
A0_cg_full_exact,A0_cg_full_exact__shock01_window04,,,shock01_window04,42,sliced_cg_only_cached_baseline,2440809954.56186,246287457.288,213848691.625696,213848691.625696,9022.321696,1496023.4,43,convergence_no_negative_rc,5.011079797000093,5.011079797000093,0.0,5.011079797000093,691.1348897149999,0.014091968536376953,0.0,0.0,254,254,254,0.6265060240963856,0,4,1,4,42,58,76,19,/kaggle/working/shared_benchmark_state.pkl.gz,691.304631252,
A0_cg_full_exact,A0_cg_full_exact__shock01_window05,,,shock01_window05,42,sliced_cg_only_cached_baseline,2462172303.91328,310185417.732,252184781.35996,252184781.35996,12489.74796,39830870.2,43,convergence_no_negative_rc,6.253177477999998,6.253177477999998,0.0,6.253177477999998,691.1348897149999,0.029134273529052734,0.0,0.0,420,420,368,0.604982206405694,0,5,1,5,42,77,95,19,/kaggle/working/shared_benchmark_state.pkl.gz,691.304631252,
A0_cg_full_exact,A0_cg_full_exact__shock01_window06,,,shock01_window06,42,sliced_cg_only_cached_baseline,2434065863.9473763,256753262.46,213651765.717798,213651765.717798,9943.065798,3076184.4,43,convergence_no_negative_rc,5.321232506999877,5.321232506999877,0.0,5.321232506999877,691.1348897149999,0.025526762008666992,0.0,0.0,381,381,315,0.6329113924050633,0,6,1,6,42,96,114,19,/kaggle/working/shared_benchmark_state.pkl.gz,691.304631252,
A0_cg_full_exact,A0_cg_full_exact__shock01_window07,,,shock01_window07,42,sliced_cg_only_cached_baseline,2432358545.760468,277095956.28,222149518.784191,222149518.784191,12773.152191,11970642.6,44,convergence_no_negative_rc,6.1418524880000405,6.1418524880000405,0.0,6.1418524880000405,691.1348897149999,0.03705596923828125,0.0,0.0,389,389,347,0.6204379562043796,0,7,1,7,42,115,133,19,/kaggle/working/shared_benchmark_state.pkl.gz,691.304631252,
A0_cg_full_exact,A0_cg_full_exact__shock01_window08,,,shock01_window08,42,sliced_cg_only_cached_baseline,2417779154.9366655,267715463.464,213764839.262385,213764839.262385,13583.902385,2407097.0,43,convergence_no_negative_rc,5.077851403000068,5.077851403000068,0.0,5.077851403000068,691.1348897149999,0.024552106857299805,0.0,0.0,364,364,364,0.6746126340882003,0,8,1,8,42,134,152,19,/kaggle/working/shared_benchmark_state.pkl.gz,691.304631252,
A0_cg_full_exact,A0_cg_full_exact__shock01_window09,,,shock01_window09,42,sliced_cg_only_cached_baseline,2395772701.2611775,309919011.312,221926939.12189,221926939.12189,19627.33789,9127752.0,43,convergence_no_negative_rc,5.775925340999947,5.775925340999947,0.0,5.775925340999947,691.1348897149999,0.027420997619628906,0.0,0.0,516,516,417,0.6636771300448431,0,9,1,9,42,153,171,19,/kaggle/working/shared_benchmark_state.pkl.gz,691.304631252,
A0_cg_full_exact,A0_cg_full_exact__shock01_window10,,,shock01_window10,42,sliced_cg_only_cached_baseline,2452730192.5413833,131804897.208,111336921.850036,111336921.850036,4809.642036,532675.0,42,convergence_no_negative_rc,2.718866892000051,2.718866892000051,0.0,2.718866892000051,691.1348897149999,0.008744001388549805,0.0,0.0,161,161,161,0.5863746958637469,0,10,1,10,42,172,181,10,/kaggle/working/shared_benchmark_state.pkl.gz,691.304631252,
A0_cg_full_exact,A0_cg_full_exact__shock02_window01,,,shock02_window01,10049,sliced_cg_only_cached_baseline,2461570698.3898673,234346779.6848,221321650.800955,221321650.800955,4165.932155,582119.8,42,convergence_no_negative_rc,3.592124945000023,3.592124945000023,0.0,3.592124945000023,691.1348897149999,0.010490894317626953,0.0,0.0,176,176,170,0.498989898989899,0,11,2,1,10049,1,19,19,/kaggle/working/shared_benchmark_state.pkl.gz,691.304631252,
A0_cg_full_exact,A0_cg_full_exact__shock02_window02,,,shock02_window02,10049,sliced_cg_only_cached_baseline,2443144704.079505,252868644.624,218075484.325302,218075484.325302,8372.285302,2996217.2,43,convergence_no_negative_rc,4.533425312999952,4.533425312999952,0.0,4.533425312999952,691.1348897149999,0.021468162536621094,0.0,0.0,271,271,271,0.5883256528417818,0,12,2,2,10049,20,38,19,/kaggle/working/shared_benchmark_state.pkl.gz,691.304631252,
A0_cg_full_exact,A0_cg_full_exact__shock02_window03,,,shock02_window03,10049,sliced_cg_only_cached_baseline,2441918671.4712954,259360183.828,223639344.276005,223639344.276005,8815.488005,10694263.4,43,convergence_no_negative_rc,4.602778939000018,4.602778939000018,0.0,4.602778939000018,691.1348897149999,0.023186922073364258,0.0,0.0,280,280,280,0.6196969696969697,0,13,2,3,10049,39,57,19,/kaggle/working/shared_benchmark_state.pkl.gz,691.304631252,
A0_cg_full_exact,A0_cg_full_exact__shock02_window04,,,shock02_window04,10049,sliced_cg_only_cached_baseline,2440784531.401787,245891968.056,213768675.322692,213768675.322692,8981.730692,1611063.0,43,convergence_no_negative_rc,4.355222519000108,4.355222519000108,0.0,4.355222519000108,691.1348897149999,0.012758970260620117,0.0,0.0,250,250,250,0.6378787878787879,0,14,2,4,10049,58,76,19,/kaggle/working/shared_benchmark_state.pkl.gz,691.304631252,
A0_cg_full_exact,A0_cg_full_exact__shock02_window05,,,shock02_window05,10049,sliced_cg_only_cached_baseline,2463186404.8158555,310075339.068,251727226.138054,251727226.138054,12412.142054,39606702.2,42,convergence_no_negative_rc,5.669643279999946,5.669643279999946,0.0,5.669643279999946,691.1348897149999,0.020112037658691406,0.0,0.0,365,365,365,0.6178571428571429,0,15,2,5,10049,77,95,19,/kaggle/working/shared_benchmark_state.pkl.gz,691.304631252,
A0_cg_full_exact,A0_cg_full_exact__shock02_window06,,,shock02_window06,10049,sliced_cg_only_cached_baseline,2434742150.5396304,256475579.668,213575730.947431,213575730.947431,9908.975431,3203411.4,42,convergence_no_negative_rc,5.112351117000117,5.112351117000117,0.0,5.112351117000117,691.1348897149999,0.017572879791259766,0.0,0.0,387,387,315,0.6354430379746835,0,16,2,6,10049,96,114,19,/kaggle/working/shared_benchmark_state.pkl.gz,691.304631252,
A0_cg_full_exact,A0_cg_full_exact__shock02_window07,,,shock02_window07,10049,sliced_cg_only_cached_baseline,2432921915.1282725,276694539.952,222102484.354564,222102484.354564,12816.218564,12177172.4,43,convergence_no_negative_rc,5.241511080999999,5.241511080999999,0.0,5.241511080999999,691.1348897149999,0.028109073638916016,0.0,0.0,348,348,348,0.6354799513973268,0,17,2,7,10049,115,133,19,/kaggle/working/shared_benchmark_state.pkl.gz,691.304631252,
A0_cg_full_exact,A0_cg_full_exact__shock02_window08,,,shock02_window08,10049,sliced_cg_only_cached_baseline,2417889452.8125434,267404432.488,213373315.735521,213373315.735521,13583.047521,2356107.4,42,convergence_no_negative_rc,4.8910948239999925,4.8910948239999925,0.0,4.8910948239999925,691.1348897149999,0.017200946807861328,0.0,0.0,360,360,360,0.6730538922155689,0,18,2,8,10049,134,152,19,/kaggle/working/shared_benchmark_state.pkl.gz,691.304631252,
A0_cg_full_exact,A0_cg_full_exact__shock02_window09,,,shock02_window09,10049,sliced_cg_only_cached_baseline,2398754988.8367176,309589654.608,223366590.735082,223366590.735082,19364.023082,10960269.6,43,convergence_no_negative_rc,5.739148095000019,5.739148095000019,0.0,5.739148095000019,691.1348897149999,0.02968287467956543,0.0,0.0,505,505,403,0.6594533029612756,0,19,2,9,10049,153,171,19,/kaggle/working/shared_benchmark_state.pkl.gz,691.304631252,
A0_cg_full_exact,A0_cg_full_exact__shock02_window10,,,shock02_window10,10049,sliced_cg_only_cached_baseline,2452720391.004899,131664993.312,111187188.6341,111187188.6341,4784.9221,532675.0,42,convergence_no_negative_rc,2.3678882039998825,2.3678882039998825,0.0,2.3678882039998825,691.1348897149999,0.008730888366699219,0.0,0.0,161,161,161,0.5888077858880778,0,20,2,10,10049,172,181,10,/kaggle/working/shared_benchmark_state.pkl.gz,691.304631252,
A0_cg_full_exact,A0_cg_full_exact__shock03_window01,,,shock03_window01,20056,sliced_cg_only_cached_baseline,2461700184.7296443,234244927.0448,221300859.604948,221300859.604948,4173.376148,575369.8,42,convergence_no_negative_rc,3.5575626370000464,3.5575626370000464,0.0,3.5575626370000464,691.1348897149999,0.010725975036621094,0.0,0.0,170,170,164,0.5051124744376279,0,21,3,1,20056,1,19,19,/kaggle/working/shared_benchmark_state.pkl.gz,691.304631252,
A0_cg_full_exact,A0_cg_full_exact__shock03_window02,,,shock03_window02,20056,sliced_cg_only_cached_baseline,2442891695.950529,253104152.376,218100358.535839,218100358.535839,8405.343839,2996217.2,43,convergence_no_negative_rc,4.4679230489998645,4.4679230489998645,0.0,4.4679230489998645,691.1348897149999,0.020030736923217773,0.0,0.0,268,268,268,0.5925925925925926,0,22,3,2,20056,20,38,19,/kaggle/working/shared_benchmark_state.pkl.gz,691.304631252,
A0_cg_full_exact,A0_cg_full_exact__shock03_window03,,,shock03_window03,20056,sliced_cg_only_cached_baseline,2441256953.835559,259490320.492,223149696.8266,223149696.8266,8991.9426,10111209.4,44,convergence_no_negative_rc,4.899327460999984,4.899327460999984,0.0,4.899327460999984,691.1348897149999,0.028635025024414062,0.0,0.0,287,287,287,0.6206896551724138,0,23,3,3,20056,39,57,19,/kaggle/working/shared_benchmark_state.pkl.gz,691.304631252,
A0_cg_full_exact,A0_cg_full_exact__shock03_window04,,,shock03_window04,20056,sliced_cg_only_cached_baseline,2440523537.894503,245937994.872,213674220.359521,213674220.359521,9033.807521,1425387.0,44,convergence_no_negative_rc,4.597648860999925,4.597648860999925,0.0,4.597648860999925,691.1348897149999,0.013979911804199219,0.0,0.0,260,260,260,0.6283582089552239,0,24,3,4,20056,58,76,19,/kaggle/working/shared_benchmark_state.pkl.gz,691.304631252,
A0_cg_full_exact,A0_cg_full_exact__shock03_window05,,,shock03_window05,20056,sliced_cg_only_cached_baseline,2462708703.554767,310033379.46,251052936.095324,251052936.095324,12516.395324,38885022.0,43,convergence_no_negative_rc,5.701280624999981,5.701280624999981,0.0,5.701280624999981,691.1348897149999,0.028291702270507812,0.0,0.0,360,360,360,0.615568862275449,0,25,3,5,20056,77,95,19,/kaggle/working/shared_benchmark_state.pkl.gz,691.304631252,
A0_cg_full_exact,A0_cg_full_exact__shock03_window06,,,shock03_window06,20056,sliced_cg_only_cached_baseline,2434055930.5045977,256215579.668,213349623.126571,213349623.126571,10001.306571,3066351.2,43,convergence_no_negative_rc,5.39450163499987,5.39450163499987,0.0,5.39450163499987,691.1348897149999,0.025281667709350586,0.0,0.0,370,370,316,0.640960809102402,0,26,3,6,20056,96,114,19,/kaggle/working/shared_benchmark_state.pkl.gz,691.304631252,
A0_cg_full_exact,A0_cg_full_exact__shock03_window07,,,shock03_window07,20056,sliced_cg_only_cached_baseline,2432347984.1179667,276906776.032,222261511.363814,222261511.363814,12784.691814,12373479.6,43,convergence_no_negative_rc,5.448892565000278,5.448892565000278,0.0,5.448892565000278,691.1348897149999,0.02781987190246582,0.0,0.0,399,399,361,0.6291866028708134,0,27,3,7,20056,115,133,19,/kaggle/working/shared_benchmark_state.pkl.gz,691.304631252,
A0_cg_full_exact,A0_cg_full_exact__shock03_window08,,,shock03_window08,20056,sliced_cg_only_cached_baseline,2417968919.7783933,267378626.896,213567519.946519,213567519.946519,13561.354519,2496794.8,42,convergence_no_negative_rc,4.877534834000016,4.877534834000016,0.0,4.877534834000016,691.1348897149999,0.016829252243041992,0.0,0.0,379,379,358,0.6794717887154862,0,28,3,8,20056,134,152,19,/kaggle/working/shared_benchmark_state.pkl.gz,691.304631252,
A0_cg_full_exact,A0_cg_full_exact__shock03_window09,,,shock03_window09,20056,sliced_cg_only_cached_baseline,2398335925.272508,309486866.616,223158101.614623,223158101.614623,19395.806623,10732354.4,43,convergence_no_negative_rc,5.703939204000108,5.703939204000108,0.0,5.703939204000108,691.1348897149999,0.027040958404541016,0.0,0.0,470,470,410,0.6689265536723163,0,29,3,9,20056,153,171,19,/kaggle/working/shared_benchmark_state.pkl.gz,691.304631252,
A0_cg_full_exact,A0_cg_full_exact__shock03_window10,,,shock03_window10,20056,sliced_cg_only_cached_baseline,2452920099.143086,131397726.192,111079190.181989,111079190.181989,4848.589989,466400.0,42,convergence_no_negative_rc,3.0084311400000843,3.0084311400000843,0.0,3.0084311400000843,691.1348897149999,0.00889730453491211,0.0,0.0,157,157,157,0.5798525798525799,0,30,3,10,20056,172,181,10,/kaggle/working/shared_benchmark_state.pkl.gz,691.304631252,
A0_cg_full_exact,A0_cg_full_exact__shock04_window01,,,shock04_window01,30063,sliced_cg_only_cached_baseline,2461721504.990385,234203375.1248,221300320.636596,221300320.636596,4170.023796,582787.4,42,convergence_no_negative_rc,3.6954368570000042,3.6954368570000042,0.0,3.6954368570000042,691.1348897149999,0.011714935302734375,0.0,0.0,191,191,170,0.503030303030303,0,31,4,1,30063,1,19,19,/kaggle/working/shared_benchmark_state.pkl.gz,691.304631252,
A0_cg_full_exact,A0_cg_full_exact__shock04_window02,,,shock04_window02,30063,sliced_cg_only_cached_baseline,2443189366.982551,253024629.272,217941643.879784,217941643.879784,8365.655784,2836582.6,42,convergence_no_negative_rc,4.328093271999933,4.328093271999933,0.0,4.328093271999933,691.1348897149999,0.015579938888549805,0.0,0.0,297,297,269,0.5870570107858244,0,32,4,2,30063,20,38,19,/kaggle/working/shared_benchmark_state.pkl.gz,691.304631252,
A0_cg_full_exact,A0_cg_full_exact__shock04_window03,,,shock04_window03,30063,sliced_cg_only_cached_baseline,2441490851.8815413,259751954.42,223376909.948651,223376909.948651,8975.856651,10328695.0,43,convergence_no_negative_rc,4.690354642999864,4.690354642999864,0.0,4.690354642999864,691.1348897149999,0.024917125701904297,0.0,0.0,283,283,283,0.6229260935143288,0,33,4,3,30063,39,57,19,/kaggle/working/shared_benchmark_state.pkl.gz,691.304631252,
A0_cg_full_exact,A0_cg_full_exact__shock04_window04,,,shock04_window04,30063,sliced_cg_only_cached_baseline,2440506284.235592,246195998.64,213893044.329634,213893044.329634,9078.553634,1510466.8,43,convergence_no_negative_rc,4.303212773999803,4.303212773999803,0.0,4.303212773999803,691.1348897149999,0.012946844100952148,0.0,0.0,250,250,250,0.6333333333333333,0,34,4,4,30063,58,76,19,/kaggle/working/shared_benchmark_state.pkl.gz,691.304631252,
A0_cg_full_exact,A0_cg_full_exact__shock04_window05,,,shock04_window05,30063,sliced_cg_only_cached_baseline,2461540276.714927,310276960.476,251945864.737467,251945864.737467,12588.925467,39565752.2,43,convergence_no_negative_rc,5.9282152040000256,5.9282152040000256,0.0,5.9282152040000256,691.1348897149999,0.02937626838684082,0.0,0.0,448,448,370,0.6082840236686391,0,35,4,5,30063,77,95,19,/kaggle/working/shared_benchmark_state.pkl.gz,691.304631252,
A0_cg_full_exact,A0_cg_full_exact__shock04_window06,,,shock04_window06,30063,sliced_cg_only_cached_baseline,2434039640.412807,256521088.316,213284429.108738,213284429.108738,9990.360738,2755798.2,43,convergence_no_negative_rc,5.378049564000321,5.378049564000321,0.0,5.378049564000321,691.1348897149999,0.024389982223510742,0.0,0.0,377,377,311,0.6361323155216285,0,36,4,6,30063,96,114,19,/kaggle/working/shared_benchmark_state.pkl.gz,691.304631252,
A0_cg_full_exact,A0_cg_full_exact__shock04_window07,,,shock04_window07,30063,sliced_cg_only_cached_baseline,2432042358.765191,276749921.272,221877056.152426,221877056.152426,12862.296426,11867966.2,43,convergence_no_negative_rc,5.627000220999889,5.627000220999889,0.0,5.627000220999889,691.1348897149999,0.02776479721069336,0.0,0.0,356,356,350,0.6375757575757576,0,37,4,7,30063,115,133,19,/kaggle/working/shared_benchmark_state.pkl.gz,691.304631252,
A0_cg_full_exact,A0_cg_full_exact__shock04_window08,,,shock04_window08,30063,sliced_cg_only_cached_baseline,2417669604.129512,267625558.792,213564197.674998,213564197.674998,13629.186998,2405897.0,42,convergence_no_negative_rc,5.043987297999593,5.043987297999593,0.0,5.043987297999593,691.1348897149999,0.018498897552490234,0.0,0.0,382,382,361,0.6758373205741627,0,38,4,8,30063,134,152,19,/kaggle/working/shared_benchmark_state.pkl.gz,691.304631252,
A0_cg_full_exact,A0_cg_full_exact__shock04_window09,,,shock04_window09,30063,sliced_cg_only_cached_baseline,2395165610.1447196,310414702.008,222037743.015961,222037743.015961,19735.935961,9168847.2,43,convergence_no_negative_rc,6.855672152999887,6.855672152999887,0.0,6.855672152999887,691.1348897149999,0.028979063034057617,0.0,0.0,508,508,418,0.6640537513997761,0,39,4,9,30063,153,171,19,/kaggle/working/shared_benchmark_state.pkl.gz,691.304631252,
A0_cg_full_exact,A0_cg_full_exact__shock04_window10,,,shock04_window10,30063,sliced_cg_only_cached_baseline,2452817820.8275256,131783010.408,111377160.284082,111377160.284082,4829.876082,481350.0,42,convergence_no_negative_rc,2.4377303700002813,2.4377303700002813,0.0,2.4377303700002813,691.1348897149999,0.008741378784179688,0.0,0.0,156,156,156,0.5812807881773399,0,40,4,10,30063,172,181,10,/kaggle/working/shared_benchmark_state.pkl.gz,691.304631252,
A0_cg_full_exact,A0_cg_full_exact__shock05_window01,,,shock05_window01,40070,sliced_cg_only_cached_baseline,2461639999.694992,234339404.0048,221260763.302165,221260763.302165,4220.921365,526894.0,42,convergence_no_negative_rc,3.6694519550001132,3.6694519550001132,0.0,3.6694519550001132,691.1348897149999,0.0109710693359375,0.0,0.0,179,179,173,0.4979919678714859,0,41,5,1,40070,1,19,19,/kaggle/working/shared_benchmark_state.pkl.gz,691.304631252,
A0_cg_full_exact,A0_cg_full_exact__shock05_window02,,,shock05_window02,40070,sliced_cg_only_cached_baseline,2442846959.0707364,252969049.128,218458670.846173,218458670.846173,8400.262173,3331125.6,42,convergence_no_negative_rc,4.42460971499986,4.42460971499986,0.0,4.42460971499986,691.1348897149999,0.017040014266967773,0.0,0.0,309,309,264,0.5962732919254659,0,42,5,2,40070,20,38,19,/kaggle/working/shared_benchmark_state.pkl.gz,691.304631252,
A0_cg_full_exact,A0_cg_full_exact__shock05_window03,,,shock05_window03,40070,sliced_cg_only_cached_baseline,2441474071.69342,259229487.244,223214921.420209,223214921.420209,8908.592209,10269008.8,43,convergence_no_negative_rc,5.426224606999767,5.426224606999767,0.0,5.426224606999767,691.1348897149999,0.023759841918945312,0.0,0.0,277,277,277,0.6103500761035008,0,43,5,3,40070,39,57,19,/kaggle/working/shared_benchmark_state.pkl.gz,691.304631252,
A0_cg_full_exact,A0_cg_full_exact__shock05_window04,,,shock05_window04,40070,sliced_cg_only_cached_baseline,2440753668.0441294,245917219.416,213808360.022002,213808360.022002,9047.270002,1680325.4,44,convergence_no_negative_rc,4.44154950400025,4.44154950400025,0.0,4.44154950400025,691.1348897149999,0.015215873718261719,0.0,0.0,257,257,253,0.6410256410256411,0,44,5,4,40070,58,76,19,/kaggle/working/shared_benchmark_state.pkl.gz,691.304631252,
A0_cg_full_exact,A0_cg_full_exact__shock05_window05,,,shock05_window05,40070,sliced_cg_only_cached_baseline,2463077849.3941007,310240736.94,251719120.456113,251719120.456113,12512.668113,39569301.8,43,convergence_no_negative_rc,5.764458230999935,5.764458230999935,0.0,5.764458230999935,691.1348897149999,0.029041290283203125,0.0,0.0,363,363,363,0.6181384248210023,0,45,5,5,40070,77,95,19,/kaggle/working/shared_benchmark_state.pkl.gz,691.304631252,
A0_cg_full_exact,A0_cg_full_exact__shock05_window06,,,shock05_window06,40070,sliced_cg_only_cached_baseline,2434044401.0881677,256199004.044,213104459.869517,213104459.869517,9957.433517,2778641.8,43,convergence_no_negative_rc,5.485628433999864,5.485628433999864,0.0,5.485628433999864,691.1348897149999,0.02540111541748047,0.0,0.0,425,425,314,0.6286438529784537,0,46,5,6,40070,96,114,19,/kaggle/working/shared_benchmark_state.pkl.gz,691.304631252,
A0_cg_full_exact,A0_cg_full_exact__shock05_window07,,,shock05_window07,40070,sliced_cg_only_cached_baseline,2432619489.973254,276866058.16,221916958.091284,221916958.091284,12757.075284,12008764.0,43,convergence_no_negative_rc,5.604950153000118,5.604950153000118,0.0,5.604950153000118,691.1348897149999,0.028758764266967773,0.0,0.0,357,357,357,0.6237980769230769,0,47,5,7,40070,115,133,19,/kaggle/working/shared_benchmark_state.pkl.gz,691.304631252,
A0_cg_full_exact,A0_cg_full_exact__shock05_window08,,,shock05_window08,40070,sliced_cg_only_cached_baseline,2417708207.0208216,267579677.824,213508256.663019,213508256.663019,13594.279019,2406923.6,43,convergence_no_negative_rc,5.032315166999979,5.032315166999979,0.0,5.032315166999979,691.1348897149999,0.0242311954498291,0.0,0.0,363,363,363,0.6766109785202864,0,48,5,8,40070,134,152,19,/kaggle/working/shared_benchmark_state.pkl.gz,691.304631252,
A0_cg_full_exact,A0_cg_full_exact__shock05_window09,,,shock05_window09,40070,sliced_cg_only_cached_baseline,2397636171.16423,309647046.096,222664145.295068,222664145.295068,19537.551068,10095656.8,44,convergence_no_negative_rc,5.897234941000079,5.897234941000079,0.0,5.897234941000079,691.1348897149999,0.0361628532409668,0.0,0.0,498,498,412,0.6696730552423901,0,49,5,9,40070,153,171,19,/kaggle/working/shared_benchmark_state.pkl.gz,691.304631252,
A0_cg_full_exact,A0_cg_full_exact__shock05_window10,,,shock05_window10,40070,sliced_cg_only_cached_baseline,2452889223.904529,131504907.552,111160870.02905,111160870.02905,4862.07705,487307.0,42,convergence_no_negative_rc,2.4599250719998054,2.4599250719998054,0.0,2.4599250719998054,691.1348897149999,0.008877038955688477,0.0,0.0,197,197,152,0.5621890547263682,0,50,5,10,40070,172,181,10,/kaggle/working/shared_benchmark_state.pkl.gz,691.304631252,
A_classical_cg,A_classical_cg__shock01_window01,,,shock01_window01,42,sliced_cg_only_cached_baseline,2462166365.104738,234339404.0048,221614552.209538,221614552.209538,4100.220738,880749.4,45,convergence_no_negative_rc,3.9839004949999435,3.9839004949999435,0.0,3.9839004949999435,691.1348897149999,0.013788938522338867,0.0,0.0,244,244,240,0.45663716814159294,0,1,1,1,42,1,19,19,/kaggle/working/shared_benchmark_state.pkl.gz,691.304631252,
A_classical_cg,A_classical_cg__shock01_window02,,,shock01_window02,42,sliced_cg_only_cached_baseline,2443298164.730472,252814405.08,218488576.391676,218488576.391676,8335.815676,3406114.6,45,convergence_no_negative_rc,4.820720742999811,4.820720742999811,0.0,4.820720742999811,691.1348897149999,0.013593912124633789,0.0,0.0,402,402,401,0.5633802816901409,0,2,1,2,42,20,38,19,/kaggle/working/shared_benchmark_state.pkl.gz,691.304631252,
A_classical_cg,A_classical_cg__shock01_window03,,,shock01_window03,42,sliced_cg_only_cached_baseline,2442917413.890311,259657092.82,223909626.709062,223909626.709062,8594.193062,10903215.6,45,convergence_no_negative_rc,4.9471731129999625,4.9471731129999625,0.0,4.9471731129999625,691.1348897149999,0.03796792030334473,0.0,0.0,486,486,420,0.58625,0,3,1,3,42,39,57,19,/kaggle/working/shared_benchmark_state.pkl.gz,691.304631252,
A_classical_cg,A_classical_cg__shock01_window04,,,shock01_window04,42,sliced_cg_only_cached_baseline,2441598812.2478676,246287457.288,214185745.461347,214185745.461347,8779.437347,1833337.4,44,convergence_no_negative_rc,4.730672786000014,4.730672786000014,0.0,4.730672786000014,691.1348897149999,0.028689146041870117,0.0,0.0,369,369,369,0.6084724005134788,0,4,1,4,42,58,76,19,/kaggle/working/shared_benchmark_state.pkl.gz,691.304631252,
A_classical_cg,A_classical_cg__shock01_window05,,,shock01_window05,42,sliced_cg_only_cached_baseline,2462965500.409703,310185417.732,251010240.001148,251010240.001148,12331.053148,38656354.8,46,convergence_no_negative_rc,6.268454321000036,6.268454321000036,0.0,6.268454321000036,691.1348897149999,0.01680898666381836,0.0,0.0,534,534,534,0.5728444003964321,0,5,1,5,42,77,95,19,/kaggle/working/shared_benchmark_state.pkl.gz,691.304631252,
A_classical_cg,A_classical_cg__shock01_window06,,,shock01_window06,42,sliced_cg_only_cached_baseline,2434388331.4868937,256753262.46,213495224.297734,213495224.297734,9870.317734,2919609.6,46,convergence_no_negative_rc,6.177827636000075,6.177827636000075,0.0,6.177827636000075,691.1348897149999,0.015107870101928711,0.0,0.0,563,563,516,0.5842583249243188,0,6,1,6,42,96,114,19,/kaggle/working/shared_benchmark_state.pkl.gz,691.304631252,
A_classical_cg,A_classical_cg__shock01_window07,,,shock01_window07,42,sliced_cg_only_cached_baseline,2436229430.1844606,277095956.28,222685882.669995,222685882.669995,12320.981995,12507105.8,45,convergence_no_negative_rc,5.964229882999916,5.964229882999916,0.0,5.964229882999916,691.1348897149999,0.04175901412963867,0.0,0.0,532,532,532,0.5878848063555114,0,7,1,7,42,115,133,19,/kaggle/working/shared_benchmark_state.pkl.gz,691.304631252,
A_classical_cg,A_classical_cg__shock01_window08,,,shock01_window08,42,sliced_cg_only_cached_baseline,2418610894.25692,267715463.464,213906574.110792,213906574.110792,13386.110792,2549064.2,48,convergence_no_negative_rc,6.566201532999912,6.566201532999912,0.0,6.566201532999912,691.1348897149999,0.05268049240112305,0.0,0.0,597,597,594,0.6376404494382022,0,8,1,8,42,134,152,19,/kaggle/working/shared_benchmark_state.pkl.gz,691.304631252,
A_classical_cg,A_classical_cg__shock01_window09,,,shock01_window09,42,sliced_cg_only_cached_baseline,2397618852.09507,309919011.312,222819774.99493,222819774.99493,19354.03493,10020831.0,46,convergence_no_negative_rc,6.525332175999893,6.525332175999893,0.0,6.525332175999893,691.1348897149999,0.00951385498046875,0.0,0.0,629,629,628,0.6355394378966455,0,9,1,9,42,153,171,19,/kaggle/working/shared_benchmark_state.pkl.gz,691.304631252,
A_classical_cg,A_classical_cg__shock01_window10,,,shock01_window10,42,sliced_cg_only_cached_baseline,2453126768.32751,131804897.208,111466527.596238,111466527.596238,4790.388238,662300.0,44,convergence_no_negative_rc,2.327007617000163,2.327007617000163,0.0,2.327007617000163,691.1348897149999,0.015033721923828125,0.0,0.0,254,254,254,0.5416666666666666,0,10,1,10,42,172,181,10,/kaggle/working/shared_benchmark_state.pkl.gz,691.304631252,
A_classical_cg,A_classical_cg__shock02_window01,,,shock02_window01,10049,sliced_cg_only_cached_baseline,2461557256.7806826,234346779.6848,221377881.655927,221377881.655927,4171.787127,638344.8,45,convergence_no_negative_rc,4.150546136000003,4.150546136000003,0.0,4.150546136000003,691.1348897149999,0.019160985946655273,0.0,0.0,258,258,254,0.458477508650519,0,11,2,1,10049,1,19,19,/kaggle/working/shared_benchmark_state.pkl.gz,691.304631252,
A_classical_cg,A_classical_cg__shock02_window02,,,shock02_window02,10049,sliced_cg_only_cached_baseline,2443243627.692561,252868644.624,217928658.554585,217928658.554585,8353.642585,2849549.4,44,convergence_no_negative_rc,4.693109151000044,4.693109151000044,0.0,4.693109151000044,691.1348897149999,0.0272214412689209,0.0,0.0,409,409,409,0.5513307984790875,0,12,2,2,10049,20,38,19,/kaggle/working/shared_benchmark_state.pkl.gz,691.304631252,
A_classical_cg,A_classical_cg__shock02_window03,,,shock02_window03,10049,sliced_cg_only_cached_baseline,2442295628.1991143,259360183.828,223148246.248963,223148246.248963,8737.092963,10202963.0,45,convergence_no_negative_rc,4.894032842000115,4.894032842000115,0.0,4.894032842000115,691.1348897149999,0.03859305381774902,0.0,0.0,401,401,401,0.5966709346991037,0,13,2,3,10049,39,57,19,/kaggle/working/shared_benchmark_state.pkl.gz,691.304631252,
A_classical_cg,A_classical_cg__shock02_window04,,,shock02_window04,10049,sliced_cg_only_cached_baseline,2441122786.820538,245891968.056,213726175.461735,213726175.461735,8849.469735,1568695.4,46,convergence_no_negative_rc,5.067995999000004,5.067995999000004,0.0,5.067995999000004,691.1348897149999,0.012186765670776367,0.0,0.0,392,392,392,0.5922693266832918,0,14,2,4,10049,58,76,19,/kaggle/working/shared_benchmark_state.pkl.gz,691.304631252,
A_classical_cg,A_classical_cg__shock02_window05,,,shock02_window05,10049,sliced_cg_only_cached_baseline,2463678122.895434,310075339.068,252210156.448566,252210156.448566,12304.852566,40089739.8,45,convergence_no_negative_rc,6.084029802000032,6.084029802000032,0.0,6.084029802000032,691.1348897149999,0.04541754722595215,0.0,0.0,551,551,551,0.5974658869395711,0,15,2,5,10049,77,95,19,/kaggle/working/shared_benchmark_state.pkl.gz,691.304631252,
A_classical_cg,A_classical_cg__shock02_window06,,,shock02_window06,10049,sliced_cg_only_cached_baseline,2434898911.7586164,256475579.668,213574391.085045,213574391.085045,9768.121045,3202349.2,48,convergence_no_negative_rc,6.471183650000057,6.471183650000057,0.0,6.471183650000057,691.1348897149999,0.015526056289672852,0.0,0.0,523,523,513,0.6002024291497976,0,16,2,6,10049,96,114,19,/kaggle/working/shared_benchmark_state.pkl.gz,691.304631252,
A_classical_cg,A_classical_cg__shock02_window07,,,shock02_window07,10049,sliced_cg_only_cached_baseline,2432874820.9905796,276694539.952,221798032.710206,221798032.710206,12760.638206,11872584.8,48,convergence_no_negative_rc,6.345602804000009,6.345602804000009,0.0,6.345602804000009,691.1348897149999,0.02628779411315918,0.0,0.0,528,528,525,0.609,0,17,2,7,10049,115,133,19,/kaggle/working/shared_benchmark_state.pkl.gz,691.304631252,
A_classical_cg,A_classical_cg__shock02_window08,,,shock02_window08,10049,sliced_cg_only_cached_baseline,2418684233.9970055,267404432.488,213582829.515433,213582829.515433,13403.835433,2565763.4,48,convergence_no_negative_rc,6.533241646999841,6.533241646999841,0.0,6.533241646999841,691.1348897149999,0.01571798324584961,0.0,0.0,592,592,592,0.6326148078725399,0,18,2,8,10049,134,152,19,/kaggle/working/shared_benchmark_state.pkl.gz,691.304631252,
A_classical_cg,A_classical_cg__shock02_window09,,,shock02_window09,10049,sliced_cg_only_cached_baseline,2400450105.8881984,309589654.608,223615987.628871,223615987.628871,19123.756871,11209829.0,45,convergence_no_negative_rc,6.406081100000165,6.406081100000165,0.0,6.406081100000165,691.1348897149999,0.021275043487548828,0.0,0.0,626,626,625,0.6327272727272727,0,19,2,9,10049,153,171,19,/kaggle/working/shared_benchmark_state.pkl.gz,691.304631252,
A_classical_cg,A_classical_cg__shock02_window10,,,shock02_window10,10049,sliced_cg_only_cached_baseline,2453116021.0586123,131664993.312,111295150.683407,111295150.683407,4796.971407,640625.0,44,convergence_no_negative_rc,2.397897839000052,2.397897839000052,0.0,2.397897839000052,691.1348897149999,0.014780282974243164,0.0,0.0,252,252,252,0.5418326693227091,0,20,2,10,10049,172,181,10,/kaggle/working/shared_benchmark_state.pkl.gz,691.304631252,
A_classical_cg,A_classical_cg__shock03_window01,,,shock03_window01,20056,sliced_cg_only_cached_baseline,2461692895.703481,234244927.0448,221358421.587673,221358421.587673,4162.518873,632890.8,45,convergence_no_negative_rc,4.077250055999912,4.077250055999912,0.0,4.077250055999912,691.1348897149999,0.01857590675354004,0.0,0.0,249,249,246,0.4666666666666667,0,21,3,1,20056,1,19,19,/kaggle/working/shared_benchmark_state.pkl.gz,691.304631252,
A_classical_cg,A_classical_cg__shock03_window02,,,shock03_window02,20056,sliced_cg_only_cached_baseline,2442982218.4877353,253104152.376,217977675.189897,217977675.189897,8391.125897,2873687.4,44,convergence_no_negative_rc,4.7963464879999265,4.7963464879999265,0.0,4.7963464879999265,691.1348897149999,0.029267072677612305,0.0,0.0,411,411,411,0.5537294563843237,0,22,3,2,20056,20,38,19,/kaggle/working/shared_benchmark_state.pkl.gz,691.304631252,
A_classical_cg,A_classical_cg__shock03_window03,,,shock03_window03,20056,sliced_cg_only_cached_baseline,2441815005.808214,259490320.492,223388839.163416,223388839.163416,8804.263416,10350661.8,46,convergence_no_negative_rc,5.0862159710000014,5.0862159710000014,0.0,5.0862159710000014,691.1348897149999,0.043068885803222656,0.0,0.0,471,471,419,0.590738423028786,0,23,3,3,20056,39,57,19,/kaggle/working/shared_benchmark_state.pkl.gz,691.304631252,
A_classical_cg,A_classical_cg__shock03_window04,,,shock03_window04,20056,sliced_cg_only_cached_baseline,2441281982.235558,245937994.872,214013835.639724,214013835.639724,8797.951724,1765269.4,45,convergence_no_negative_rc,4.977805082000032,4.977805082000032,0.0,4.977805082000032,691.1348897149999,0.029680252075195312,0.0,0.0,385,385,383,0.606826801517067,0,24,3,4,20056,58,76,19,/kaggle/working/shared_benchmark_state.pkl.gz,691.304631252,
A_classical_cg,A_classical_cg__shock03_window05,,,shock03_window05,20056,sliced_cg_only_cached_baseline,2463393319.0707264,310033379.46,252007312.286033,252007312.286033,12408.386033,39839506.2,45,convergence_no_negative_rc,6.112527476999958,6.112527476999958,0.0,6.112527476999958,691.1348897149999,0.016755104064941406,0.0,0.0,539,539,539,0.5936883629191322,0,25,3,5,20056,77,95,19,/kaggle/working/shared_benchmark_state.pkl.gz,691.304631252,
A_classical_cg,A_classical_cg__shock03_window06,,,shock03_window06,20056,sliced_cg_only_cached_baseline,2434266082.8797164,256215579.668,213237137.430407,213237137.430407,9944.138407,2953793.2,46,convergence_no_negative_rc,6.039069714999641,6.039069714999641,0.0,6.039069714999641,691.1348897149999,0.01602005958557129,0.0,0.0,562,562,516,0.5872855701311807,0,26,3,6,20056,96,114,19,/kaggle/working/shared_benchmark_state.pkl.gz,691.304631252,
A_classical_cg,A_classical_cg__shock03_window07,,,shock03_window07,20056,sliced_cg_only_cached_baseline,2433783625.5091853,276906776.032,222317682.19589,222317682.19589,12581.71589,12429732.0,48,convergence_no_negative_rc,6.59303816900001,6.59303816900001,0.0,6.59303816900001,691.1348897149999,0.04122734069824219,0.0,0.0,525,525,517,0.611336032388664,0,27,3,7,20056,115,133,19,/kaggle/working/shared_benchmark_state.pkl.gz,691.304631252,
A_classical_cg,A_classical_cg__shock03_window08,,,shock03_window08,20056,sliced_cg_only_cached_baseline,2418769255.7018228,267378626.896,213651140.104945,213651140.104945,13373.872945,2580637.0,48,convergence_no_negative_rc,6.545067510000081,6.545067510000081,0.0,6.545067510000081,691.1348897149999,0.015022993087768555,0.0,0.0,593,593,593,0.6301498127340824,0,28,3,8,20056,134,152,19,/kaggle/working/shared_benchmark_state.pkl.gz,691.304631252,
A_classical_cg,A_classical_cg__shock03_window09,,,shock03_window09,20056,sliced_cg_only_cached_baseline,2400073038.8299365,309486866.616,223618802.781265,223618802.781265,19158.701265,11193036.0,44,convergence_no_negative_rc,6.036252357000194,6.036252357000194,0.0,6.036252357000194,691.1348897149999,0.03560996055603027,0.0,0.0,627,627,627,0.6333938294010889,0,29,3,9,20056,153,171,19,/kaggle/working/shared_benchmark_state.pkl.gz,691.304631252,
A_classical_cg,A_classical_cg__shock03_window10,,,shock03_window10,20056,sliced_cg_only_cached_baseline,2453227687.6055484,131397726.192,111207535.665894,111207535.665894,4896.593894,594637.0,44,convergence_no_negative_rc,2.403746229999797,2.403746229999797,0.0,2.403746229999797,691.1348897149999,0.014346122741699219,0.0,0.0,260,260,258,0.5531496062992126,0,30,3,10,20056,172,181,10,/kaggle/working/shared_benchmark_state.pkl.gz,691.304631252,
A_classical_cg,A_classical_cg__shock04_window01,,,shock04_window01,30063,sliced_cg_only_cached_baseline,2461678704.192956,234203375.1248,221180156.195949,221180156.195949,4166.575149,462549.0,45,convergence_no_negative_rc,4.100652333999733,4.100652333999733,0.0,4.100652333999733,691.1348897149999,0.01927781105041504,0.0,0.0,258,258,254,0.4602076124567474,0,31,4,1,30063,1,19,19,/kaggle/working/shared_benchmark_state.pkl.gz,691.304631252,
A_classical_cg,A_classical_cg__shock04_window02,,,shock04_window02,30063,sliced_cg_only_cached_baseline,2443209018.3112464,253024629.272,218001988.876047,218001988.876047,8363.404047,2897088.6,46,convergence_no_negative_rc,5.1522715820001395,5.1522715820001395,0.0,5.1522715820001395,691.1348897149999,0.013315200805664062,0.0,0.0,421,421,419,0.5619524405506884,0,32,4,2,30063,20,38,19,/kaggle/working/shared_benchmark_state.pkl.gz,691.304631252,
A_classical_cg,A_classical_cg__shock04_window03,,,shock04_window03,30063,sliced_cg_only_cached_baseline,2441975376.1924396,259751954.42,224002945.111956,224002945.111956,8831.083956,10955187.4,46,convergence_no_negative_rc,5.104162470000119,5.104162470000119,0.0,5.104162470000119,691.1348897149999,0.04172515869140625,0.0,0.0,482,482,430,0.5876543209876544,0,33,4,3,30063,39,57,19,/kaggle/working/shared_benchmark_state.pkl.gz,691.304631252,
A_classical_cg,A_classical_cg__shock04_window04,,,shock04_window04,30063,sliced_cg_only_cached_baseline,2440878739.196044,246195998.64,213908821.675382,213908821.675382,8902.899382,1526419.8,45,convergence_no_negative_rc,4.918709623000268,4.918709623000268,0.0,4.918709623000268,691.1348897149999,0.012761831283569336,0.0,0.0,391,391,391,0.5967540574282147,0,34,4,4,30063,58,76,19,/kaggle/working/shared_benchmark_state.pkl.gz,691.304631252,
A_classical_cg,A_classical_cg__shock04_window05,,,shock04_window05,30063,sliced_cg_only_cached_baseline,2462348336.7473874,310276960.476,251711954.150008,251711954.150008,12437.114008,39332091.6,45,convergence_no_negative_rc,5.792256160999841,5.792256160999841,0.0,5.792256160999841,691.1348897149999,0.016701936721801758,0.0,0.0,528,528,528,0.5792622133599202,0,35,4,5,30063,77,95,19,/kaggle/working/shared_benchmark_state.pkl.gz,691.304631252,
A_classical_cg,A_classical_cg__shock04_window06,,,shock04_window06,30063,sliced_cg_only_cached_baseline,2434126036.1435337,256521088.316,213248351.618231,213248351.618231,9944.078231,2719730.4,48,convergence_no_negative_rc,6.450838055000077,6.450838055000077,0.0,6.450838055000077,691.1348897149999,0.015151023864746094,0.0,0.0,569,569,514,0.5874620829120324,0,36,4,6,30063,96,114,19,/kaggle/working/shared_benchmark_state.pkl.gz,691.304631252,
A_classical_cg,A_classical_cg__shock04_window07,,,shock04_window07,30063,sliced_cg_only_cached_baseline,2432073473.4177527,276749921.272,221498010.197188,221498010.197188,12839.125188,11488765.0,46,convergence_no_negative_rc,5.977402677999635,5.977402677999635,0.0,5.977402677999635,691.1348897149999,0.051703453063964844,0.0,0.0,531,531,531,0.6083499005964215,0,37,4,7,30063,115,133,19,/kaggle/working/shared_benchmark_state.pkl.gz,691.304631252,
A_classical_cg,A_classical_cg__shock04_window08,,,shock04_window08,30063,sliced_cg_only_cached_baseline,2418485690.0235353,267625558.792,213723535.081741,213723535.081741,13433.953741,2565464.2,48,convergence_no_negative_rc,6.488056809000227,6.488056809000227,0.0,6.488056809000227,691.1348897149999,0.007180929183959961,0.0,0.0,596,596,596,0.6330532212885154,0,38,4,8,30063,134,152,19,/kaggle/working/shared_benchmark_state.pkl.gz,691.304631252,
A_classical_cg,A_classical_cg__shock04_window09,,,shock04_window09,30063,sliced_cg_only_cached_baseline,2396978509.763541,310414702.008,223108287.891575,223108287.891575,19486.811575,10239641.2,46,convergence_no_negative_rc,6.596049386999766,6.596049386999766,0.0,6.596049386999766,691.1348897149999,0.04440784454345703,0.0,0.0,641,641,640,0.6370170709793351,0,39,4,9,30063,153,171,19,/kaggle/working/shared_benchmark_state.pkl.gz,691.304631252,
A_classical_cg,A_classical_cg__shock04_window10,,,shock04_window10,30063,sliced_cg_only_cached_baseline,2453172894.199301,131783010.408,111526452.388858,111526452.388858,4832.100858,630579.4,44,convergence_no_negative_rc,2.295096756000021,2.295096756000021,0.0,2.295096756000021,691.1348897149999,0.015095710754394531,0.0,0.0,255,255,255,0.5524752475247525,0,40,4,10,30063,172,181,10,/kaggle/working/shared_benchmark_state.pkl.gz,691.304631252,
A_classical_cg,A_classical_cg__shock05_window01,,,shock05_window01,40070,sliced_cg_only_cached_baseline,2462166365.104738,234339404.0048,221614552.209538,221614552.209538,4100.220738,880749.4,45,convergence_no_negative_rc,4.0013069579999865,4.0013069579999865,0.0,4.0013069579999865,691.1348897149999,0.012704133987426758,0.0,0.0,244,244,240,0.45663716814159294,0,41,5,1,40070,1,19,19,/kaggle/working/shared_benchmark_state.pkl.gz,691.304631252,
A_classical_cg,A_classical_cg__shock05_window02,,,shock05_window02,40070,sliced_cg_only_cached_baseline,2443022286.7837815,252969049.128,218189058.294241,218189058.294241,8376.550241,3061480.6,44,convergence_no_negative_rc,4.802413195000099,4.802413195000099,0.0,4.802413195000099,691.1348897149999,0.012703895568847656,0.0,0.0,415,415,399,0.5635430038510911,0,42,5,2,40070,20,38,19,/kaggle/working/shared_benchmark_state.pkl.gz,691.304631252,
A_classical_cg,A_classical_cg__shock05_window03,,,shock05_window03,40070,sliced_cg_only_cached_baseline,2441814860.4024367,259229487.244,223361494.364131,223361494.364131,8772.392131,10416211.4,45,convergence_no_negative_rc,5.033993301999999,5.033993301999999,0.0,5.033993301999999,691.1348897149999,0.03768491744995117,0.0,0.0,416,416,416,0.5904522613065326,0,43,5,3,40070,39,57,19,/kaggle/working/shared_benchmark_state.pkl.gz,691.304631252,
A_classical_cg,A_classical_cg__shock05_window04,,,shock05_window04,40070,sliced_cg_only_cached_baseline,2441037447.5804477,245917219.416,213714671.406383,213714671.406383,8913.654383,1586770.4,45,convergence_no_negative_rc,5.009431137999854,5.009431137999854,0.0,5.009431137999854,691.1348897149999,0.012565851211547852,0.0,0.0,398,398,398,0.599009900990099,0,44,5,4,40070,58,76,19,/kaggle/working/shared_benchmark_state.pkl.gz,691.304631252,
A_classical_cg,A_classical_cg__shock05_window05,,,shock05_window05,40070,sliced_cg_only_cached_baseline,2463523538.4566813,310240736.94,251611735.822496,251611735.822496,12462.202496,39461942.2,45,convergence_no_negative_rc,6.20586879099983,6.20586879099983,0.0,6.20586879099983,691.1348897149999,0.019878864288330078,0.0,0.0,540,540,540,0.5970443349753695,0,45,5,5,40070,77,95,19,/kaggle/working/shared_benchmark_state.pkl.gz,691.304631252,
A_classical_cg,A_classical_cg__shock05_window06,,,shock05_window06,40070,sliced_cg_only_cached_baseline,2434306564.3480163,256199004.044,213005967.448849,213005967.448849,9961.284849,2680039.4,46,convergence_no_negative_rc,5.909785956000178,5.909785956000178,0.0,5.909785956000178,691.1348897149999,0.014930963516235352,0.0,0.0,544,544,500,0.5866666666666667,0,46,5,6,40070,96,114,19,/kaggle/working/shared_benchmark_state.pkl.gz,691.304631252,
A_classical_cg,A_classical_cg__shock05_window07,,,shock05_window07,40070,sliced_cg_only_cached_baseline,2432830706.030977,276866058.16,221258851.49422,221258851.49422,12758.89422,11350363.2,46,convergence_no_negative_rc,5.982399878000251,5.982399878000251,0.0,5.982399878000251,691.1348897149999,0.049645185470581055,0.0,0.0,508,508,508,0.6042726347914548,0,47,5,7,40070,115,133,19,/kaggle/working/shared_benchmark_state.pkl.gz,691.304631252,
A_classical_cg,A_classical_cg__shock05_window08,,,shock05_window08,40070,sliced_cg_only_cached_baseline,2418534949.518977,267579677.824,213694379.908024,213694379.908024,13423.092024,2593215.6,49,convergence_no_negative_rc,6.655588014999921,6.655588014999921,0.0,6.655588014999921,691.1348897149999,0.00763702392578125,0.0,0.0,602,602,599,0.6266294227188082,0,48,5,8,40070,134,152,19,/kaggle/working/shared_benchmark_state.pkl.gz,691.304631252,
A_classical_cg,A_classical_cg__shock05_window09,,,shock05_window09,40070,sliced_cg_only_cached_baseline,2398958873.360224,309647046.096,223364542.238444,223364542.238444,19187.622444,10796241.4,45,convergence_no_negative_rc,6.084041791000345,6.084041791000345,0.0,6.084041791000345,691.1348897149999,0.03445291519165039,0.0,0.0,611,611,610,0.628808864265928,0,49,5,9,40070,153,171,19,/kaggle/working/shared_benchmark_state.pkl.gz,691.304631252,
A_classical_cg,A_classical_cg__shock05_window10,,,shock05_window10,40070,sliced_cg_only_cached_baseline,2453275393.2368464,131504907.552,111292933.842647,111292933.842647,4800.890647,619432.0,43,convergence_no_negative_rc,2.2381172479999805,2.2381172479999805,0.0,2.2381172479999805,691.1348897149999,0.012574911117553711,0.0,0.0,291,291,245,0.5212121212121212,0,50,5,10,40070,172,181,10,/kaggle/working/shared_benchmark_state.pkl.gz,691.304631252,
B_heuristic_cg,B_heuristic_cg__shock01_window01,,,shock01_window01,42,sliced_cg_only_cached_baseline,2461668450.425109,234339404.0048,221472436.779898,221472436.779898,4186.455098,738452.6,23,convergence_no_negative_rc,3.985463245000119,3.985463245000119,0.0,3.985463245000119,691.1348897149999,0.0828104019165039,0.0,0.0,1749,203,203,0.5018939393939394,0,1,1,1,42,1,19,19,/kaggle/working/shared_benchmark_state.pkl.gz,691.304631252,
B_heuristic_cg,B_heuristic_cg__shock01_window02,,,shock01_window02,42,sliced_cg_only_cached_baseline,2443445370.5385623,252814405.08,218473103.067372,218473103.067372,8344.499372,3390644.4,36,convergence_no_negative_rc,7.576504322999881,7.576504322999881,0.0,7.576504322999881,691.1348897149999,0.18274283409118652,0.0,0.0,4429,338,338,0.5974930362116991,0,2,1,2,42,20,38,19,/kaggle/working/shared_benchmark_state.pkl.gz,691.304631252,
B_heuristic_cg,B_heuristic_cg__shock01_window03,,,shock01_window03,42,sliced_cg_only_cached_baseline,2442883015.6070232,259657092.82,224105453.30677,224105453.30677,8661.80677,11098834.2,37,convergence_no_negative_rc,7.541208316999928,7.541208316999928,0.0,7.541208316999928,691.1348897149999,0.176513671875,0.0,0.0,4475,350,350,0.6219178082191781,0,3,1,3,42,39,57,19,/kaggle/working/shared_benchmark_state.pkl.gz,691.304631252,
B_heuristic_cg,B_heuristic_cg__shock01_window04,,,shock01_window04,42,sliced_cg_only_cached_baseline,2441613252.161035,246287457.288,214276267.026435,214276267.026435,8789.202435,1923849.2,34,convergence_no_negative_rc,6.905125977000125,6.905125977000125,0.0,6.905125977000125,691.1348897149999,0.16507768630981445,0.0,0.0,4025,315,315,0.6386206896551724,0,4,1,4,42,58,76,19,/kaggle/working/shared_benchmark_state.pkl.gz,691.304631252,
B_heuristic_cg,B_heuristic_cg__shock01_window05,,,shock01_window05,42,sliced_cg_only_cached_baseline,2463139688.7437854,310185417.732,251125182.290682,251125182.290682,12428.158682,38771256.4,47,convergence_no_negative_rc,11.737140641999986,11.737140641999986,0.0,11.737140641999986,691.1348897149999,0.28394389152526855,0.0,0.0,7962,447,447,0.6214750542299349,0,5,1,5,42,77,95,19,/kaggle/working/shared_benchmark_state.pkl.gz,691.304631252,
B_heuristic_cg,B_heuristic_cg__shock01_window06,,,shock01_window06,42,sliced_cg_only_cached_baseline,2434453391.6338267,256753262.46,213648597.786622,213648597.786622,9862.742622,3073060.2,46,convergence_no_negative_rc,11.010973169999943,11.010973169999943,0.0,11.010973169999943,691.1348897149999,0.2423992156982422,0.0,0.0,6863,434,434,0.6281628162816282,0,6,1,6,42,96,114,19,/kaggle/working/shared_benchmark_state.pkl.gz,691.304631252,
B_heuristic_cg,B_heuristic_cg__shock01_window07,,,shock01_window07,42,sliced_cg_only_cached_baseline,2436332536.368674,277095956.28,223094359.515243,223094359.515243,12265.491243,12916035.8,46,convergence_no_negative_rc,11.366083646000106,11.366083646000106,0.0,11.366083646000106,691.1348897149999,0.3321375846862793,0.0,0.0,6917,440,440,0.6240437158469946,0,7,1,7,42,115,133,19,/kaggle/working/shared_benchmark_state.pkl.gz,691.304631252,
B_heuristic_cg,B_heuristic_cg__shock01_window08,,,shock01_window08,42,sliced_cg_only_cached_baseline,2418612440.279726,267715463.464,213920615.172506,213920615.172506,13452.172506,2563039.2,51,convergence_no_negative_rc,12.389302000000043,12.389302000000043,0.0,12.389302000000043,691.1348897149999,0.251492977142334,0.0,0.0,8431,483,483,0.6711899791231732,0,8,1,8,42,134,152,19,/kaggle/working/shared_benchmark_state.pkl.gz,691.304631252,
B_heuristic_cg,B_heuristic_cg__shock01_window09,,,shock01_window09,42,sliced_cg_only_cached_baseline,2397742874.946116,309919011.312,222994761.246439,222994761.246439,19315.286439,10195856.0,55,convergence_no_negative_rc,14.21076032100018,14.21076032100018,0.0,14.21076032100018,691.1348897149999,0.3233628273010254,0.0,0.0,9149,522,522,0.6670010030090271,0,9,1,9,42,153,171,19,/kaggle/working/shared_benchmark_state.pkl.gz,691.304631252,
B_heuristic_cg,B_heuristic_cg__shock01_window10,,,shock01_window10,42,sliced_cg_only_cached_baseline,2453159655.278105,131804897.208,111469676.894548,111469676.894548,4789.686548,665450.0,23,convergence_no_negative_rc,2.578400166000165,2.578400166000165,0.0,2.578400166000165,691.1348897149999,0.052985191345214844,0.0,0.0,1871,202,202,0.584070796460177,0,10,1,10,42,172,181,10,/kaggle/working/shared_benchmark_state.pkl.gz,691.304631252,
B_heuristic_cg,B_heuristic_cg__shock02_window01,,,shock02_window01,10049,sliced_cg_only_cached_baseline,2461576949.1984253,234346779.6848,221237749.128625,221237749.128625,4214.259825,498169.8,24,convergence_no_negative_rc,4.017566014000067,4.017566014000067,0.0,4.017566014000067,691.1348897149999,0.07369160652160645,0.0,0.0,1913,213,213,0.5074349442379182,0,11,2,1,10049,1,19,19,/kaggle/working/shared_benchmark_state.pkl.gz,691.304631252,
B_heuristic_cg,B_heuristic_cg__shock02_window02,,,shock02_window02,10049,sliced_cg_only_cached_baseline,2443200519.2273793,252868644.624,218012189.492054,218012189.492054,8421.580054,2933012.4,37,convergence_no_negative_rc,7.70160693899993,7.70160693899993,0.0,7.70160693899993,691.1348897149999,0.16962122917175293,0.0,0.0,4593,350,350,0.5931506849315068,0,12,2,2,10049,20,38,19,/kaggle/working/shared_benchmark_state.pkl.gz,691.304631252,
B_heuristic_cg,B_heuristic_cg__shock02_window03,,,shock02_window03,10049,sliced_cg_only_cached_baseline,2442410319.7445097,259360183.828,223356213.780506,223356213.780506,8766.840506,10410915.4,36,convergence_no_negative_rc,7.204260452999961,7.204260452999961,0.0,7.204260452999961,691.1348897149999,0.1723179817199707,0.0,0.0,4556,337,337,0.6276150627615062,0,13,2,3,10049,39,57,19,/kaggle/working/shared_benchmark_state.pkl.gz,691.304631252,
B_heuristic_cg,B_heuristic_cg__shock02_window04,,,shock02_window04,10049,sliced_cg_only_cached_baseline,2441182355.0507827,245891968.056,213880956.74017,213880956.74017,8794.34817,1723531.8,36,convergence_no_negative_rc,7.475685548999991,7.475685548999991,0.0,7.475685548999991,691.1348897149999,0.17883872985839844,0.0,0.0,4061,333,333,0.6433378196500673,0,14,2,4,10049,58,76,19,/kaggle/working/shared_benchmark_state.pkl.gz,691.304631252,
B_heuristic_cg,B_heuristic_cg__shock02_window05,,,shock02_window05,10049,sliced_cg_only_cached_baseline,2463673568.1872263,310075339.068,251988012.468173,251988012.468173,12304.272173,39867596.4,47,convergence_no_negative_rc,11.783807586000194,11.783807586000194,0.0,11.783807586000194,691.1348897149999,0.26877307891845703,0.0,0.0,8243,450,450,0.6367567567567568,0,15,2,5,10049,77,95,19,/kaggle/working/shared_benchmark_state.pkl.gz,691.304631252,
B_heuristic_cg,B_heuristic_cg__shock02_window06,,,shock02_window06,10049,sliced_cg_only_cached_baseline,2434996226.72396,256475579.668,213891597.419182,213891597.419182,9781.527182,3519671.6,45,convergence_no_negative_rc,11.058900135000158,11.058900135000158,0.0,11.058900135000158,691.1348897149999,0.23505544662475586,0.0,0.0,6987,425,425,0.6488888888888888,0,16,2,6,10049,96,114,19,/kaggle/working/shared_benchmark_state.pkl.gz,691.304631252,
B_heuristic_cg,B_heuristic_cg__shock02_window07,,,shock02_window07,10049,sliced_cg_only_cached_baseline,2435089858.785547,276694539.952,222771001.625897,222771001.625897,12419.353897,12845895.0,45,convergence_no_negative_rc,11.109532916000035,11.109532916000035,0.0,11.109532916000035,691.1348897149999,0.2519493103027344,0.0,0.0,6736,426,426,0.6426193118756937,0,17,2,7,10049,115,133,19,/kaggle/working/shared_benchmark_state.pkl.gz,691.304631252,
B_heuristic_cg,B_heuristic_cg__shock02_window08,,,shock02_window08,10049,sliced_cg_only_cached_baseline,2418713412.2801805,267404432.488,213606386.336316,213606386.336316,13433.456316,2589290.6,51,convergence_no_negative_rc,12.476760775000002,12.476760775000002,0.0,12.476760775000002,691.1348897149999,0.2601797580718994,0.0,0.0,8359,482,482,0.6687565308254964,0,18,2,8,10049,134,152,19,/kaggle/working/shared_benchmark_state.pkl.gz,691.304631252,
B_heuristic_cg,B_heuristic_cg__shock02_window09,,,shock02_window09,10049,sliced_cg_only_cached_baseline,2400465427.094274,309589654.608,223726490.465794,223726490.465794,19125.585794,11320367.0,55,convergence_no_negative_rc,14.170879353000146,14.170879353000146,0.0,14.170879353000146,691.1348897149999,0.31883764266967773,0.0,0.0,9307,522,522,0.6599799398194583,0,19,2,9,10049,153,171,19,/kaggle/working/shared_benchmark_state.pkl.gz,691.304631252,
B_heuristic_cg,B_heuristic_cg__shock02_window10,,,shock02_window10,10049,sliced_cg_only_cached_baseline,2453144229.572509,131664993.312,111266688.402301,111266688.402301,4784.690301,612175.0,23,convergence_no_negative_rc,2.706034135999971,2.706034135999971,0.0,2.706034135999971,691.1348897149999,0.05819439888000488,0.0,0.0,1908,209,209,0.5816993464052288,0,20,2,10,10049,172,181,10,/kaggle/working/shared_benchmark_state.pkl.gz,691.304631252,
B_heuristic_cg,B_heuristic_cg__shock03_window01,,,shock03_window01,20056,sliced_cg_only_cached_baseline,2461797019.496705,234244927.0448,221246614.680098,221246614.680098,4172.611298,520965.8,23,convergence_no_negative_rc,3.8085105319999,3.8085105319999,0.0,3.8085105319999,691.1348897149999,0.07114410400390625,0.0,0.0,1818,209,209,0.5131086142322098,0,21,3,1,20056,1,19,19,/kaggle/working/shared_benchmark_state.pkl.gz,691.304631252,
B_heuristic_cg,B_heuristic_cg__shock03_window02,,,shock03_window02,20056,sliced_cg_only_cached_baseline,2442947299.782094,253104152.376,218061206.381776,218061206.381776,8447.317776,2957162.4,37,convergence_no_negative_rc,7.6377228380001725,7.6377228380001725,0.0,7.6377228380001725,691.1348897149999,0.16577601432800293,0.0,0.0,4576,350,350,0.5986301369863014,0,22,3,2,20056,20,38,19,/kaggle/working/shared_benchmark_state.pkl.gz,691.304631252,
B_heuristic_cg,B_heuristic_cg__shock03_window03,,,shock03_window03,20056,sliced_cg_only_cached_baseline,2441767224.122649,259490320.492,223931816.793399,223931816.793399,8827.077399,10893364.2,38,convergence_no_negative_rc,7.778540776999989,7.778540776999989,0.0,7.778540776999989,691.1348897149999,0.1826646327972412,0.0,0.0,4658,356,356,0.6222826086956522,0,23,3,3,20056,39,57,19,/kaggle/working/shared_benchmark_state.pkl.gz,691.304631252,
B_heuristic_cg,B_heuristic_cg__shock03_window04,,,shock03_window04,20056,sliced_cg_only_cached_baseline,2441311486.3726206,245937994.872,214044130.39642,214044130.39642,8770.30842,1795591.8,35,convergence_no_negative_rc,7.054803392999929,7.054803392999929,0.0,7.054803392999929,691.1348897149999,0.1710062026977539,0.0,0.0,4061,323,323,0.6343792633015006,0,24,3,4,20056,58,76,19,/kaggle/working/shared_benchmark_state.pkl.gz,691.304631252,
B_heuristic_cg,B_heuristic_cg__shock03_window05,,,shock03_window05,20056,sliced_cg_only_cached_baseline,2463610680.037671,310033379.46,251946247.830949,251946247.830949,12468.930949,39778381.2,48,convergence_no_negative_rc,11.981270300000233,11.981270300000233,0.0,11.981270300000233,691.1348897149999,0.28070497512817383,0.0,0.0,8269,460,460,0.6181818181818182,0,25,3,5,20056,77,95,19,/kaggle/working/shared_benchmark_state.pkl.gz,691.304631252,
B_heuristic_cg,B_heuristic_cg__shock03_window06,,,shock03_window06,20056,sliced_cg_only_cached_baseline,2434346017.4761233,256215579.668,213238725.342039,213238725.342039,9978.050039,2955347.2,46,convergence_no_negative_rc,10.976391641999726,10.976391641999726,0.0,10.976391641999726,691.1348897149999,0.24889850616455078,0.0,0.0,6828,436,436,0.6300768386388584,0,26,3,6,20056,96,114,19,/kaggle/working/shared_benchmark_state.pkl.gz,691.304631252,
B_heuristic_cg,B_heuristic_cg__shock03_window07,,,shock03_window07,20056,sliced_cg_only_cached_baseline,2437950544.5936894,276906776.032,225134342.793189,225134342.793189,12096.865189,15247047.4,44,convergence_no_negative_rc,10.657059305000075,10.657059305000075,0.0,10.657059305000075,691.1348897149999,0.24224185943603516,0.0,0.0,6374,419,419,0.6510067114093959,0,27,3,7,20056,115,133,19,/kaggle/working/shared_benchmark_state.pkl.gz,691.304631252,
B_heuristic_cg,B_heuristic_cg__shock03_window08,,,shock03_window08,20056,sliced_cg_only_cached_baseline,2418791836.0905275,267378626.896,213700463.734862,213700463.734862,13395.302862,2629939.2,51,convergence_no_negative_rc,12.343370910999965,12.343370910999965,0.0,12.343370910999965,691.1348897149999,0.2520124912261963,0.0,0.0,8307,479,479,0.6740041928721174,0,28,3,8,20056,134,152,19,/kaggle/working/shared_benchmark_state.pkl.gz,691.304631252,
B_heuristic_cg,B_heuristic_cg__shock03_window09,,,shock03_window09,20056,sliced_cg_only_cached_baseline,2400269647.0468864,309486866.616,223305413.604648,223305413.604648,19177.804648,10879753.0,54,convergence_no_negative_rc,13.725460145999932,13.725460145999932,0.0,13.725460145999932,691.1348897149999,0.2881457805633545,0.0,0.0,8933,512,512,0.6727456940222898,0,29,3,9,20056,153,171,19,/kaggle/working/shared_benchmark_state.pkl.gz,691.304631252,
B_heuristic_cg,B_heuristic_cg__shock03_window10,,,shock03_window10,20056,sliced_cg_only_cached_baseline,2453245436.3255053,131397726.192,111214143.994058,111214143.994058,4877.402058,601325.0,23,convergence_no_negative_rc,2.6523539819995676,2.6523539819995676,0.0,2.6523539819995676,691.1348897149999,0.05551505088806152,0.0,0.0,1853,203,203,0.5960264900662252,0,30,3,10,20056,172,181,10,/kaggle/working/shared_benchmark_state.pkl.gz,691.304631252,
B_heuristic_cg,B_heuristic_cg__shock04_window01,,,shock04_window01,30063,sliced_cg_only_cached_baseline,2461698389.8319454,234203375.1248,221171443.66039,221171443.66039,4199.83159,453824.2,24,convergence_no_negative_rc,4.0340837299995655,4.0340837299995655,0.0,4.0340837299995655,691.1348897149999,0.0755925178527832,0.0,0.0,1913,213,213,0.5074349442379182,0,31,4,1,30063,1,19,19,/kaggle/working/shared_benchmark_state.pkl.gz,691.304631252,
B_heuristic_cg,B_heuristic_cg__shock04_window02,,,shock04_window02,30063,sliced_cg_only_cached_baseline,2443331960.201469,253024629.272,217969402.001988,217969402.001988,8332.945988,2864391.8,37,convergence_no_negative_rc,7.743344903999969,7.743344903999969,0.0,7.743344903999969,691.1348897149999,0.1772594451904297,0.0,0.0,4676,350,350,0.6041095890410959,0,32,4,2,30063,20,38,19,/kaggle/working/shared_benchmark_state.pkl.gz,691.304631252,
B_heuristic_cg,B_heuristic_cg__shock04_window03,,,shock04_window03,30063,sliced_cg_only_cached_baseline,2441942894.2038393,259751954.42,223913615.216851,223913615.216851,8882.268851,10865564.4,38,convergence_no_negative_rc,7.833362239000053,7.833362239000053,0.0,7.833362239000053,691.1348897149999,0.1792144775390625,0.0,0.0,4839,358,358,0.6368563685636857,0,33,4,3,30063,39,57,19,/kaggle/working/shared_benchmark_state.pkl.gz,691.304631252,
B_heuristic_cg,B_heuristic_cg__shock04_window04,,,shock04_window04,30063,sliced_cg_only_cached_baseline,2440934544.7977467,246195998.64,213982682.60496,213982682.60496,8884.16496,1600306.4,36,convergence_no_negative_rc,7.432073918000242,7.432073918000242,0.0,7.432073918000242,691.1348897149999,0.17795348167419434,0.0,0.0,4310,331,331,0.6491228070175439,0,34,4,4,30063,58,76,19,/kaggle/working/shared_benchmark_state.pkl.gz,691.304631252,
B_heuristic_cg,B_heuristic_cg__shock04_window05,,,shock04_window05,30063,sliced_cg_only_cached_baseline,2462648780.043586,310276960.476,251478734.141646,251478734.141646,12534.473646,39098748.8,48,convergence_no_negative_rc,12.037235488000078,12.037235488000078,0.0,12.037235488000078,691.1348897149999,0.2710280418395996,0.0,0.0,8184,459,459,0.6134903640256959,0,35,4,5,30063,77,95,19,/kaggle/working/shared_benchmark_state.pkl.gz,691.304631252,
B_heuristic_cg,B_heuristic_cg__shock04_window06,,,shock04_window06,30063,sliced_cg_only_cached_baseline,2434148860.911308,256521088.316,213382986.769924,213382986.769924,9917.301924,2854521.8,46,convergence_no_negative_rc,10.891901471999972,10.891901471999972,0.0,10.891901471999972,691.1348897149999,0.24248337745666504,0.0,0.0,6780,433,433,0.6321585903083701,0,36,4,6,30063,96,114,19,/kaggle/working/shared_benchmark_state.pkl.gz,691.304631252,
B_heuristic_cg,B_heuristic_cg__shock04_window07,,,shock04_window07,30063,sliced_cg_only_cached_baseline,2435397389.1429424,276749921.272,223213804.888852,223213804.888852,12454.576852,13205130.0,45,convergence_no_negative_rc,10.915386177999608,10.915386177999608,0.0,10.915386177999608,691.1348897149999,0.24796104431152344,0.0,0.0,6494,421,421,0.6506696428571429,0,37,4,7,30063,115,133,19,/kaggle/working/shared_benchmark_state.pkl.gz,691.304631252,
B_heuristic_cg,B_heuristic_cg__shock04_window08,,,shock04_window08,30063,sliced_cg_only_cached_baseline,2418382853.1669393,267625558.792,213725996.183169,213725996.183169,13420.055169,2567939.2,51,convergence_no_negative_rc,12.426266997000312,12.426266997000312,0.0,12.426266997000312,691.1348897149999,0.3049497604370117,0.0,0.0,8510,490,490,0.6704663212435233,0,38,4,8,30063,134,152,19,/kaggle/working/shared_benchmark_state.pkl.gz,691.304631252,
B_heuristic_cg,B_heuristic_cg__shock04_window09,,,shock04_window09,30063,sliced_cg_only_cached_baseline,2396997394.647732,310414702.008,222858946.03896,222858946.03896,19519.95896,9990266.2,56,convergence_no_negative_rc,14.437579612000263,14.437579612000263,0.0,14.437579612000263,691.1348897149999,0.3080620765686035,0.0,0.0,9192,536,536,0.675568743818002,0,39,4,9,30063,153,171,19,/kaggle/working/shared_benchmark_state.pkl.gz,691.304631252,
B_heuristic_cg,B_heuristic_cg__shock04_window10,,,shock04_window10,30063,sliced_cg_only_cached_baseline,2453248546.4347744,131783010.408,111552532.002208,111552532.002208,4829.114208,656662.0,23,convergence_no_negative_rc,2.5767902999996295,2.5767902999996295,0.0,2.5767902999996295,691.1348897149999,0.054621219635009766,0.0,0.0,1873,209,209,0.5816993464052288,0,40,4,10,30063,172,181,10,/kaggle/working/shared_benchmark_state.pkl.gz,691.304631252,
B_heuristic_cg,B_heuristic_cg__shock05_window01,,,shock05_window01,40070,sliced_cg_only_cached_baseline,2461668450.425109,234339404.0048,221472436.779898,221472436.779898,4186.455098,738452.6,23,convergence_no_negative_rc,3.865946418999556,3.865946418999556,0.0,3.865946418999556,691.1348897149999,0.07392215728759766,0.0,0.0,1749,203,203,0.5018939393939394,0,41,5,1,40070,1,19,19,/kaggle/working/shared_benchmark_state.pkl.gz,691.304631252,
B_heuristic_cg,B_heuristic_cg__shock05_window02,,,shock05_window02,40070,sliced_cg_only_cached_baseline,2443949703.9569526,252969049.128,218643441.90514,218643441.90514,8263.84914,3516110.4,35,convergence_no_negative_rc,7.327472446000229,7.327472446000229,0.0,7.327472446000229,691.1348897149999,0.15085840225219727,0.0,0.0,4391,330,330,0.5971830985915493,0,42,5,2,40070,20,38,19,/kaggle/working/shared_benchmark_state.pkl.gz,691.304631252,
B_heuristic_cg,B_heuristic_cg__shock05_window03,,,shock05_window03,40070,sliced_cg_only_cached_baseline,2441831002.454706,259229487.244,223696265.870372,223696265.870372,8784.338372,10750936.4,38,convergence_no_negative_rc,7.787765400999888,7.787765400999888,0.0,7.787765400999888,691.1348897149999,0.19782376289367676,0.0,0.0,4860,355,355,0.6258503401360545,0,43,5,3,40070,39,57,19,/kaggle/working/shared_benchmark_state.pkl.gz,691.304631252,
B_heuristic_cg,B_heuristic_cg__shock05_window04,,,shock05_window04,40070,sliced_cg_only_cached_baseline,2441092910.7836246,245917219.416,213791253.544852,213791253.544852,8876.128852,1663397.0,36,convergence_no_negative_rc,7.375364773000001,7.375364773000001,0.0,7.375364773000001,691.1348897149999,0.17956280708312988,0.0,0.0,4373,337,337,0.6452476572958501,0,44,5,4,40070,58,76,19,/kaggle/working/shared_benchmark_state.pkl.gz,691.304631252,
B_heuristic_cg,B_heuristic_cg__shock05_window05,,,shock05_window05,40070,sliced_cg_only_cached_baseline,2463723538.893361,310240736.94,251326996.720587,251326996.720587,12508.132587,39177182.6,48,convergence_no_negative_rc,11.883277792999706,11.883277792999706,0.0,11.883277792999706,691.1348897149999,0.2776203155517578,0.0,0.0,8253,459,459,0.6316916488222698,0,45,5,5,40070,77,95,19,/kaggle/working/shared_benchmark_state.pkl.gz,691.304631252,
B_heuristic_cg,B_heuristic_cg__shock05_window06,,,shock05_window06,40070,sliced_cg_only_cached_baseline,2434376265.3757367,256199004.044,213194263.180171,213194263.180171,9922.216171,2868374.2,44,convergence_no_negative_rc,10.537465546000021,10.537465546000021,0.0,10.537465546000021,691.1348897149999,0.22017765045166016,0.0,0.0,6444,416,416,0.632996632996633,0,46,5,6,40070,96,114,19,/kaggle/working/shared_benchmark_state.pkl.gz,691.304631252,
B_heuristic_cg,B_heuristic_cg__shock05_window07,,,shock05_window07,40070,sliced_cg_only_cached_baseline,2434251550.30456,276866058.16,222257547.425733,222257547.425733,12539.337733,12349748.0,46,convergence_no_negative_rc,11.190330060000178,11.190330060000178,0.0,11.190330060000178,691.1348897149999,0.2515139579772949,0.0,0.0,6816,432,432,0.6295479603087101,0,47,5,7,40070,115,133,19,/kaggle/working/shared_benchmark_state.pkl.gz,691.304631252,
B_heuristic_cg,B_heuristic_cg__shock05_window08,,,shock05_window08,40070,sliced_cg_only_cached_baseline,2418445367.9251213,267579677.824,213660838.648923,213660838.648923,13456.832923,2559640.6,51,convergence_no_negative_rc,12.43686266199984,12.43686266199984,0.0,12.43686266199984,691.1348897149999,0.29292964935302734,0.0,0.0,8548,490,490,0.6652849740932643,0,48,5,8,40070,134,152,19,/kaggle/working/shared_benchmark_state.pkl.gz,691.304631252,
B_heuristic_cg,B_heuristic_cg__shock05_window09,,,shock05_window09,40070,sliced_cg_only_cached_baseline,2398947991.791918,309647046.096,223225582.098398,223225582.098398,19230.242398,10657122.0,54,convergence_no_negative_rc,13.802886711000156,13.802886711000156,0.0,13.802886711000156,691.1348897149999,0.2946922779083252,0.0,0.0,9059,506,506,0.6778797145769623,0,49,5,9,40070,153,171,19,/kaggle/working/shared_benchmark_state.pkl.gz,691.304631252,
B_heuristic_cg,B_heuristic_cg__shock05_window10,,,shock05_window10,40070,sliced_cg_only_cached_baseline,2453316159.42073,131504907.552,111397041.445911,111397041.445911,4783.493911,723557.0,22,convergence_no_negative_rc,2.466847196999879,2.466847196999879,0.0,2.466847196999879,691.1348897149999,0.05499672889709473,0.0,0.0,1796,200,200,0.5488888888888889,0,50,5,10,40070,172,181,10,/kaggle/working/shared_benchmark_state.pkl.gz,691.304631252,
C_gnn_guided_cg,C_gnn_guided_cg__shock01_window01,,,shock01_window01,42,sliced_cg_only_cached_baseline,2462166365.104738,234339404.0048,221614552.209538,221614552.209538,4100.220738,880749.4,45,convergence_no_negative_rc,3.992454023999926,3.992454023999926,0.0,3.992454023999926,691.1348897149999,0.013225078582763672,0.0,0.0,244,244,240,0.45663716814159294,5,1,1,1,42,1,19,19,/kaggle/working/shared_benchmark_state.pkl.gz,691.304631252,
C_gnn_guided_cg,C_gnn_guided_cg__shock01_window02,,,shock01_window02,42,sliced_cg_only_cached_baseline,2443298164.730472,252814405.08,218488576.391676,218488576.391676,8335.815676,3406114.6,45,convergence_no_negative_rc,5.0279290819999005,5.0279290819999005,0.0,5.0279290819999005,691.1348897149999,0.013972043991088867,0.0,0.0,402,402,401,0.5633802816901409,5,2,1,2,42,20,38,19,/kaggle/working/shared_benchmark_state.pkl.gz,691.304631252,
C_gnn_guided_cg,C_gnn_guided_cg__shock01_window03,,,shock01_window03,42,sliced_cg_only_cached_baseline,2442917413.890311,259657092.82,223909626.709062,223909626.709062,8594.193062,10903215.6,45,convergence_no_negative_rc,5.169305361999932,5.169305361999932,0.0,5.169305361999932,691.1348897149999,0.03692817687988281,0.0,0.0,486,486,420,0.58625,24,3,1,3,42,39,57,19,/kaggle/working/shared_benchmark_state.pkl.gz,691.304631252,
C_gnn_guided_cg,C_gnn_guided_cg__shock01_window04,,,shock01_window04,42,sliced_cg_only_cached_baseline,2441598812.2478676,246287457.288,214185745.461347,214185745.461347,8779.437347,1833337.4,44,convergence_no_negative_rc,4.86228770799994,4.86228770799994,0.0,4.86228770799994,691.1348897149999,0.028851985931396484,0.0,0.0,369,369,369,0.6084724005134788,4,4,1,4,42,58,76,19,/kaggle/working/shared_benchmark_state.pkl.gz,691.304631252,
C_gnn_guided_cg,C_gnn_guided_cg__shock01_window05,,,shock01_window05,42,sliced_cg_only_cached_baseline,2462965500.409703,310185417.732,251010240.001148,251010240.001148,12331.053148,38656354.8,46,convergence_no_negative_rc,6.332986107999886,6.332986107999886,0.0,6.332986107999886,691.1348897149999,0.01768779754638672,0.0,0.0,534,534,534,0.5728444003964321,6,5,1,5,42,77,95,19,/kaggle/working/shared_benchmark_state.pkl.gz,691.304631252,
C_gnn_guided_cg,C_gnn_guided_cg__shock01_window06,,,shock01_window06,42,sliced_cg_only_cached_baseline,2434388331.4868937,256753262.46,213495224.297734,213495224.297734,9870.317734,2919609.6,46,convergence_no_negative_rc,6.268108778000169,6.268108778000169,0.0,6.268108778000169,691.1348897149999,0.015105962753295898,0.0,0.0,563,563,516,0.5842583249243188,21,6,1,6,42,96,114,19,/kaggle/working/shared_benchmark_state.pkl.gz,691.304631252,
C_gnn_guided_cg,C_gnn_guided_cg__shock01_window07,,,shock01_window07,42,sliced_cg_only_cached_baseline,2436229430.1844606,277095956.28,222685882.669995,222685882.669995,12320.981995,12507105.8,45,convergence_no_negative_rc,6.349543520999987,6.349543520999987,0.0,6.349543520999987,691.1348897149999,0.04281115531921387,0.0,0.0,532,532,532,0.5878848063555114,5,7,1,7,42,115,133,19,/kaggle/working/shared_benchmark_state.pkl.gz,691.304631252,
C_gnn_guided_cg,C_gnn_guided_cg__shock01_window08,,,shock01_window08,42,sliced_cg_only_cached_baseline,2418610894.25692,267715463.464,213906574.110792,213906574.110792,13386.110792,2549064.2,48,convergence_no_negative_rc,6.776860610999847,6.776860610999847,0.0,6.776860610999847,691.1348897149999,0.05196666717529297,0.0,0.0,597,597,594,0.6376404494382022,9,8,1,8,42,134,152,19,/kaggle/working/shared_benchmark_state.pkl.gz,691.304631252,
C_gnn_guided_cg,C_gnn_guided_cg__shock01_window09,,,shock01_window09,42,sliced_cg_only_cached_baseline,2397618852.09507,309919011.312,222819774.99493,222819774.99493,19354.03493,10020831.0,46,convergence_no_negative_rc,6.696308492000071,6.696308492000071,0.0,6.696308492000071,691.1348897149999,0.009908199310302734,0.0,0.0,629,629,628,0.6355394378966455,6,9,1,9,42,153,171,19,/kaggle/working/shared_benchmark_state.pkl.gz,691.304631252,
C_gnn_guided_cg,C_gnn_guided_cg__shock01_window10,,,shock01_window10,42,sliced_cg_only_cached_baseline,2453126768.32751,131804897.208,111466527.596238,111466527.596238,4790.388238,662300.0,44,convergence_no_negative_rc,2.432191246000002,2.432191246000002,0.0,2.432191246000002,691.1348897149999,0.014629125595092773,0.0,0.0,254,254,254,0.5416666666666666,4,10,1,10,42,172,181,10,/kaggle/working/shared_benchmark_state.pkl.gz,691.304631252,
C_gnn_guided_cg,C_gnn_guided_cg__shock02_window01,,,shock02_window01,10049,sliced_cg_only_cached_baseline,2461557256.7806826,234346779.6848,221377881.655927,221377881.655927,4171.787127,638344.8,45,convergence_no_negative_rc,4.184788640999841,4.184788640999841,0.0,4.184788640999841,691.1348897149999,0.019141674041748047,0.0,0.0,258,258,254,0.458477508650519,6,11,2,1,10049,1,19,19,/kaggle/working/shared_benchmark_state.pkl.gz,691.304631252,
C_gnn_guided_cg,C_gnn_guided_cg__shock02_window02,,,shock02_window02,10049,sliced_cg_only_cached_baseline,2443243627.692561,252868644.624,217928658.554585,217928658.554585,8353.642585,2849549.4,44,convergence_no_negative_rc,4.884904765999863,4.884904765999863,0.0,4.884904765999863,691.1348897149999,0.02764129638671875,0.0,0.0,409,409,409,0.5513307984790875,4,12,2,2,10049,20,38,19,/kaggle/working/shared_benchmark_state.pkl.gz,691.304631252,
C_gnn_guided_cg,C_gnn_guided_cg__shock02_window03,,,shock02_window03,10049,sliced_cg_only_cached_baseline,2442295628.1991143,259360183.828,223148246.248963,223148246.248963,8737.092963,10202963.0,45,convergence_no_negative_rc,4.914676460999999,4.914676460999999,0.0,4.914676460999999,691.1348897149999,0.03613090515136719,0.0,0.0,401,401,401,0.5966709346991037,5,13,2,3,10049,39,57,19,/kaggle/working/shared_benchmark_state.pkl.gz,691.304631252,
C_gnn_guided_cg,C_gnn_guided_cg__shock02_window04,,,shock02_window04,10049,sliced_cg_only_cached_baseline,2441122786.820538,245891968.056,213726175.461735,213726175.461735,8849.469735,1568695.4,46,convergence_no_negative_rc,5.224844458999996,5.224844458999996,0.0,5.224844458999996,691.1348897149999,0.012194156646728516,0.0,0.0,392,392,392,0.5922693266832918,6,14,2,4,10049,58,76,19,/kaggle/working/shared_benchmark_state.pkl.gz,691.304631252,
C_gnn_guided_cg,C_gnn_guided_cg__shock02_window05,,,shock02_window05,10049,sliced_cg_only_cached_baseline,2463678122.895434,310075339.068,252210156.448566,252210156.448566,12304.852566,40089739.8,45,convergence_no_negative_rc,6.29238503900001,6.29238503900001,0.0,6.29238503900001,691.1348897149999,0.04407382011413574,0.0,0.0,551,551,551,0.5974658869395711,5,15,2,5,10049,77,95,19,/kaggle/working/shared_benchmark_state.pkl.gz,691.304631252,
C_gnn_guided_cg,C_gnn_guided_cg__shock02_window06,,,shock02_window06,10049,sliced_cg_only_cached_baseline,2434898911.7586164,256475579.668,213574391.085045,213574391.085045,9768.121045,3202349.2,48,convergence_no_negative_rc,6.583930418999898,6.583930418999898,0.0,6.583930418999898,691.1348897149999,0.01536703109741211,0.0,0.0,523,523,513,0.6002024291497976,8,16,2,6,10049,96,114,19,/kaggle/working/shared_benchmark_state.pkl.gz,691.304631252,
C_gnn_guided_cg,C_gnn_guided_cg__shock02_window07,,,shock02_window07,10049,sliced_cg_only_cached_baseline,2432874820.9905796,276694539.952,221798032.710206,221798032.710206,12760.638206,11872584.8,48,convergence_no_negative_rc,6.861642576999884,6.861642576999884,0.0,6.861642576999884,691.1348897149999,0.025328636169433594,0.0,0.0,528,528,525,0.609,9,17,2,7,10049,115,133,19,/kaggle/working/shared_benchmark_state.pkl.gz,691.304631252,
C_gnn_guided_cg,C_gnn_guided_cg__shock02_window08,,,shock02_window08,10049,sliced_cg_only_cached_baseline,2418684233.9970055,267404432.488,213582829.515433,213582829.515433,13403.835433,2565763.4,48,convergence_no_negative_rc,6.788907101999939,6.788907101999939,0.0,6.788907101999939,691.1348897149999,0.014917135238647461,0.0,0.0,592,592,592,0.6326148078725399,8,18,2,8,10049,134,152,19,/kaggle/working/shared_benchmark_state.pkl.gz,691.304631252,
C_gnn_guided_cg,C_gnn_guided_cg__shock02_window09,,,shock02_window09,10049,sliced_cg_only_cached_baseline,2400450105.8881984,309589654.608,223615987.628871,223615987.628871,19123.756871,11209829.0,45,convergence_no_negative_rc,6.490710843999977,6.490710843999977,0.0,6.490710843999977,691.1348897149999,0.021157026290893555,0.0,0.0,626,626,625,0.6327272727272727,5,19,2,9,10049,153,171,19,/kaggle/working/shared_benchmark_state.pkl.gz,691.304631252,
C_gnn_guided_cg,C_gnn_guided_cg__shock02_window10,,,shock02_window10,10049,sliced_cg_only_cached_baseline,2453116021.0586123,131664993.312,111295150.683407,111295150.683407,4796.971407,640625.0,44,convergence_no_negative_rc,2.3763530160001665,2.3763530160001665,0.0,2.3763530160001665,691.1348897149999,0.014642000198364258,0.0,0.0,252,252,252,0.5418326693227091,4,20,2,10,10049,172,181,10,/kaggle/working/shared_benchmark_state.pkl.gz,691.304631252,
C_gnn_guided_cg,C_gnn_guided_cg__shock03_window01,,,shock03_window01,20056,sliced_cg_only_cached_baseline,2461692895.703481,234244927.0448,221358421.587673,221358421.587673,4162.518873,632890.8,45,convergence_no_negative_rc,4.174825390000024,4.174825390000024,0.0,4.174825390000024,691.1348897149999,0.01836395263671875,0.0,0.0,249,249,246,0.4666666666666667,6,21,3,1,20056,1,19,19,/kaggle/working/shared_benchmark_state.pkl.gz,691.304631252,
C_gnn_guided_cg,C_gnn_guided_cg__shock03_window02,,,shock03_window02,20056,sliced_cg_only_cached_baseline,2442982218.4877353,253104152.376,217977675.189897,217977675.189897,8391.125897,2873687.4,44,convergence_no_negative_rc,4.904127052999911,4.904127052999911,0.0,4.904127052999911,691.1348897149999,0.02837514877319336,0.0,0.0,411,411,411,0.5537294563843237,4,22,3,2,20056,20,38,19,/kaggle/working/shared_benchmark_state.pkl.gz,691.304631252,
C_gnn_guided_cg,C_gnn_guided_cg__shock03_window03,,,shock03_window03,20056,sliced_cg_only_cached_baseline,2441815005.808214,259490320.492,223388839.163416,223388839.163416,8804.263416,10350661.8,46,convergence_no_negative_rc,5.280993588999991,5.280993588999991,0.0,5.280993588999991,691.1348897149999,0.04391360282897949,0.0,0.0,471,471,419,0.590738423028786,23,23,3,3,20056,39,57,19,/kaggle/working/shared_benchmark_state.pkl.gz,691.304631252,
C_gnn_guided_cg,C_gnn_guided_cg__shock03_window04,,,shock03_window04,20056,sliced_cg_only_cached_baseline,2441281982.235558,245937994.872,214013835.639724,214013835.639724,8797.951724,1765269.4,45,convergence_no_negative_rc,5.185348878000013,5.185348878000013,0.0,5.185348878000013,691.1348897149999,0.02931499481201172,0.0,0.0,385,385,383,0.606826801517067,6,24,3,4,20056,58,76,19,/kaggle/working/shared_benchmark_state.pkl.gz,691.304631252,
C_gnn_guided_cg,C_gnn_guided_cg__shock03_window05,,,shock03_window05,20056,sliced_cg_only_cached_baseline,2463393319.0707264,310033379.46,252007312.286033,252007312.286033,12408.386033,39839506.2,45,convergence_no_negative_rc,6.366202454999893,6.366202454999893,0.0,6.366202454999893,691.1348897149999,0.019142866134643555,0.0,0.0,539,539,539,0.5936883629191322,5,25,3,5,20056,77,95,19,/kaggle/working/shared_benchmark_state.pkl.gz,691.304631252,
C_gnn_guided_cg,C_gnn_guided_cg__shock03_window06,,,shock03_window06,20056,sliced_cg_only_cached_baseline,2434266082.8797164,256215579.668,213237137.430407,213237137.430407,9944.138407,2953793.2,46,convergence_no_negative_rc,6.241960074999952,6.241960074999952,0.0,6.241960074999952,691.1348897149999,0.015236139297485352,0.0,0.0,562,562,516,0.5872855701311807,21,26,3,6,20056,96,114,19,/kaggle/working/shared_benchmark_state.pkl.gz,691.304631252,
C_gnn_guided_cg,C_gnn_guided_cg__shock03_window07,,,shock03_window07,20056,sliced_cg_only_cached_baseline,2433783625.5091853,276906776.032,222317682.19589,222317682.19589,12581.71589,12429732.0,48,convergence_no_negative_rc,6.742923954000162,6.742923954000162,0.0,6.742923954000162,691.1348897149999,0.04113912582397461,0.0,0.0,525,525,517,0.611336032388664,12,27,3,7,20056,115,133,19,/kaggle/working/shared_benchmark_state.pkl.gz,691.304631252,
C_gnn_guided_cg,C_gnn_guided_cg__shock03_window08,,,shock03_window08,20056,sliced_cg_only_cached_baseline,2418769255.7018228,267378626.896,213651140.104945,213651140.104945,13373.872945,2580637.0,48,convergence_no_negative_rc,6.816894874999889,6.816894874999889,0.0,6.816894874999889,691.1348897149999,0.014590978622436523,0.0,0.0,593,593,593,0.6301498127340824,8,28,3,8,20056,134,152,19,/kaggle/working/shared_benchmark_state.pkl.gz,691.304631252,
C_gnn_guided_cg,C_gnn_guided_cg__shock03_window09,,,shock03_window09,20056,sliced_cg_only_cached_baseline,2400073038.8299365,309486866.616,223618802.781265,223618802.781265,19158.701265,11193036.0,44,convergence_no_negative_rc,6.22915392699997,6.22915392699997,0.0,6.22915392699997,691.1348897149999,0.035523176193237305,0.0,0.0,627,627,627,0.6333938294010889,4,29,3,9,20056,153,171,19,/kaggle/working/shared_benchmark_state.pkl.gz,691.304631252,
C_gnn_guided_cg,C_gnn_guided_cg__shock03_window10,,,shock03_window10,20056,sliced_cg_only_cached_baseline,2453227687.6055484,131397726.192,111207535.665894,111207535.665894,4896.593894,594637.0,44,convergence_no_negative_rc,2.476926647000255,2.476926647000255,0.0,2.476926647000255,691.1348897149999,0.014948606491088867,0.0,0.0,260,260,258,0.5531496062992126,6,30,3,10,20056,172,181,10,/kaggle/working/shared_benchmark_state.pkl.gz,691.304631252,
C_gnn_guided_cg,C_gnn_guided_cg__shock04_window01,,,shock04_window01,30063,sliced_cg_only_cached_baseline,2461678704.192956,234203375.1248,221180156.195949,221180156.195949,4166.575149,462549.0,45,convergence_no_negative_rc,4.210302081000009,4.210302081000009,0.0,4.210302081000009,691.1348897149999,0.01877903938293457,0.0,0.0,258,258,254,0.4602076124567474,6,31,4,1,30063,1,19,19,/kaggle/working/shared_benchmark_state.pkl.gz,691.304631252,
C_gnn_guided_cg,C_gnn_guided_cg__shock04_window02,,,shock04_window02,30063,sliced_cg_only_cached_baseline,2443209018.3112464,253024629.272,218001988.876047,218001988.876047,8363.404047,2897088.6,46,convergence_no_negative_rc,5.2028934069999195,5.2028934069999195,0.0,5.2028934069999195,691.1348897149999,0.013853788375854492,0.0,0.0,421,421,419,0.5619524405506884,6,32,4,2,30063,20,38,19,/kaggle/working/shared_benchmark_state.pkl.gz,691.304631252,
C_gnn_guided_cg,C_gnn_guided_cg__shock04_window03,,,shock04_window03,30063,sliced_cg_only_cached_baseline,2441975376.1924396,259751954.42,224002945.111956,224002945.111956,8831.083956,10955187.4,46,convergence_no_negative_rc,5.351278551999712,5.351278551999712,0.0,5.351278551999712,691.1348897149999,0.042441606521606445,0.0,0.0,482,482,430,0.5876543209876544,23,33,4,3,30063,39,57,19,/kaggle/working/shared_benchmark_state.pkl.gz,691.304631252,
C_gnn_guided_cg,C_gnn_guided_cg__shock04_window04,,,shock04_window04,30063,sliced_cg_only_cached_baseline,2440878739.196044,246195998.64,213908821.675382,213908821.675382,8902.899382,1526419.8,45,convergence_no_negative_rc,5.063616785000249,5.063616785000249,0.0,5.063616785000249,691.1348897149999,0.012567996978759766,0.0,0.0,391,391,391,0.5967540574282147,5,34,4,4,30063,58,76,19,/kaggle/working/shared_benchmark_state.pkl.gz,691.304631252,
C_gnn_guided_cg,C_gnn_guided_cg__shock04_window05,,,shock04_window05,30063,sliced_cg_only_cached_baseline,2462348336.7473874,310276960.476,251711954.150008,251711954.150008,12437.114008,39332091.6,45,convergence_no_negative_rc,6.081965780999781,6.081965780999781,0.0,6.081965780999781,691.1348897149999,0.017514944076538086,0.0,0.0,528,528,528,0.5792622133599202,5,35,4,5,30063,77,95,19,/kaggle/working/shared_benchmark_state.pkl.gz,691.304631252,
C_gnn_guided_cg,C_gnn_guided_cg__shock04_window06,,,shock04_window06,30063,sliced_cg_only_cached_baseline,2434126036.1435337,256521088.316,213248351.618231,213248351.618231,9944.078231,2719730.4,48,convergence_no_negative_rc,6.729080090000025,6.729080090000025,0.0,6.729080090000025,691.1348897149999,0.014828681945800781,0.0,0.0,569,569,514,0.5874620829120324,23,36,4,6,30063,96,114,19,/kaggle/working/shared_benchmark_state.pkl.gz,691.304631252,
C_gnn_guided_cg,C_gnn_guided_cg__shock04_window07,,,shock04_window07,30063,sliced_cg_only_cached_baseline,2432073473.4177527,276749921.272,221498010.197188,221498010.197188,12839.125188,11488765.0,46,convergence_no_negative_rc,6.226193745000273,6.226193745000273,0.0,6.226193745000273,691.1348897149999,0.05124521255493164,0.0,0.0,531,531,531,0.6083499005964215,6,37,4,7,30063,115,133,19,/kaggle/working/shared_benchmark_state.pkl.gz,691.304631252,
C_gnn_guided_cg,C_gnn_guided_cg__shock04_window08,,,shock04_window08,30063,sliced_cg_only_cached_baseline,2418485690.0235353,267625558.792,213723535.081741,213723535.081741,13433.953741,2565464.2,48,convergence_no_negative_rc,6.716105263999907,6.716105263999907,0.0,6.716105263999907,691.1348897149999,0.007266044616699219,0.0,0.0,596,596,596,0.6330532212885154,8,38,4,8,30063,134,152,19,/kaggle/working/shared_benchmark_state.pkl.gz,691.304631252,
C_gnn_guided_cg,C_gnn_guided_cg__shock04_window09,,,shock04_window09,30063,sliced_cg_only_cached_baseline,2396978509.763541,310414702.008,223108287.891575,223108287.891575,19486.811575,10239641.2,46,convergence_no_negative_rc,6.758569319000344,6.758569319000344,0.0,6.758569319000344,691.1348897149999,0.044403076171875,0.0,0.0,641,641,640,0.6370170709793351,6,39,4,9,30063,153,171,19,/kaggle/working/shared_benchmark_state.pkl.gz,691.304631252,
C_gnn_guided_cg,C_gnn_guided_cg__shock04_window10,,,shock04_window10,30063,sliced_cg_only_cached_baseline,2453172894.199301,131783010.408,111526452.388858,111526452.388858,4832.100858,630579.4,44,convergence_no_negative_rc,2.3894500429996697,2.3894500429996697,0.0,2.3894500429996697,691.1348897149999,0.015430927276611328,0.0,0.0,255,255,255,0.5524752475247525,4,40,4,10,30063,172,181,10,/kaggle/working/shared_benchmark_state.pkl.gz,691.304631252,
C_gnn_guided_cg,C_gnn_guided_cg__shock05_window01,,,shock05_window01,40070,sliced_cg_only_cached_baseline,2462166365.104738,234339404.0048,221614552.209538,221614552.209538,4100.220738,880749.4,45,convergence_no_negative_rc,4.282591435000086,4.282591435000086,0.0,4.282591435000086,691.1348897149999,0.01367497444152832,0.0,0.0,244,244,240,0.45663716814159294,5,41,5,1,40070,1,19,19,/kaggle/working/shared_benchmark_state.pkl.gz,691.304631252,
C_gnn_guided_cg,C_gnn_guided_cg__shock05_window02,,,shock05_window02,40070,sliced_cg_only_cached_baseline,2443022286.7837815,252969049.128,218189058.294241,218189058.294241,8376.550241,3061480.6,44,convergence_no_negative_rc,5.0722678380002435,5.0722678380002435,0.0,5.0722678380002435,691.1348897149999,0.012687921524047852,0.0,0.0,415,415,399,0.5635430038510911,19,42,5,2,40070,20,38,19,/kaggle/working/shared_benchmark_state.pkl.gz,691.304631252,
C_gnn_guided_cg,C_gnn_guided_cg__shock05_window03,,,shock05_window03,40070,sliced_cg_only_cached_baseline,2441814860.4024367,259229487.244,223361494.364131,223361494.364131,8772.392131,10416211.4,45,convergence_no_negative_rc,5.180725402999997,5.180725402999997,0.0,5.180725402999997,691.1348897149999,0.03752565383911133,0.0,0.0,416,416,416,0.5904522613065326,5,43,5,3,40070,39,57,19,/kaggle/working/shared_benchmark_state.pkl.gz,691.304631252,
C_gnn_guided_cg,C_gnn_guided_cg__shock05_window04,,,shock05_window04,40070,sliced_cg_only_cached_baseline,2441037447.5804477,245917219.416,213714671.406383,213714671.406383,8913.654383,1586770.4,45,convergence_no_negative_rc,5.108779775999665,5.108779775999665,0.0,5.108779775999665,691.1348897149999,0.01263284683227539,0.0,0.0,398,398,398,0.599009900990099,5,44,5,4,40070,58,76,19,/kaggle/working/shared_benchmark_state.pkl.gz,691.304631252,
C_gnn_guided_cg,C_gnn_guided_cg__shock05_window05,,,shock05_window05,40070,sliced_cg_only_cached_baseline,2463523538.4566813,310240736.94,251611735.822496,251611735.822496,12462.202496,39461942.2,45,convergence_no_negative_rc,6.483085797999593,6.483085797999593,0.0,6.483085797999593,691.1348897149999,0.017739057540893555,0.0,0.0,540,540,540,0.5970443349753695,5,45,5,5,40070,77,95,19,/kaggle/working/shared_benchmark_state.pkl.gz,691.304631252,
C_gnn_guided_cg,C_gnn_guided_cg__shock05_window06,,,shock05_window06,40070,sliced_cg_only_cached_baseline,2434306564.3480163,256199004.044,213005967.448849,213005967.448849,9961.284849,2680039.4,46,convergence_no_negative_rc,6.273573676000069,6.273573676000069,0.0,6.273573676000069,691.1348897149999,0.015274763107299805,0.0,0.0,544,544,500,0.5866666666666667,21,46,5,6,40070,96,114,19,/kaggle/working/shared_benchmark_state.pkl.gz,691.304631252,
C_gnn_guided_cg,C_gnn_guided_cg__shock05_window07,,,shock05_window07,40070,sliced_cg_only_cached_baseline,2432830706.030977,276866058.16,221258851.49422,221258851.49422,12758.89422,11350363.2,46,convergence_no_negative_rc,6.206877224999971,6.206877224999971,0.0,6.206877224999971,691.1348897149999,0.04995250701904297,0.0,0.0,508,508,508,0.6042726347914548,6,47,5,7,40070,115,133,19,/kaggle/working/shared_benchmark_state.pkl.gz,691.304631252,
C_gnn_guided_cg,C_gnn_guided_cg__shock05_window08,,,shock05_window08,40070,sliced_cg_only_cached_baseline,2418534949.518977,267579677.824,213694379.908024,213694379.908024,13423.092024,2593215.6,49,convergence_no_negative_rc,7.164187799000047,7.164187799000047,0.0,7.164187799000047,691.1348897149999,0.007369041442871094,0.0,0.0,602,602,599,0.6266294227188082,10,48,5,8,40070,134,152,19,/kaggle/working/shared_benchmark_state.pkl.gz,691.304631252,
C_gnn_guided_cg,C_gnn_guided_cg__shock05_window09,,,shock05_window09,40070,sliced_cg_only_cached_baseline,2398958873.360224,309647046.096,223364542.238444,223364542.238444,19187.622444,10796241.4,45,convergence_no_negative_rc,6.487376792999839,6.487376792999839,0.0,6.487376792999839,691.1348897149999,0.03581380844116211,0.0,0.0,611,611,610,0.628808864265928,5,49,5,9,40070,153,171,19,/kaggle/working/shared_benchmark_state.pkl.gz,691.304631252,
C_gnn_guided_cg,C_gnn_guided_cg__shock05_window10,,,shock05_window10,40070,sliced_cg_only_cached_baseline,2453275393.2368464,131504907.552,111292933.842647,111292933.842647,4800.890647,619432.0,43,convergence_no_negative_rc,2.398735540999951,2.398735540999951,0.0,2.398735540999951,691.1348897149999,0.012039899826049805,0.0,0.0,291,291,245,0.5212121212121212,19,50,5,10,40070,172,181,10,/kaggle/working/shared_benchmark_state.pkl.gz,691.304631252,
