From,To,Distance_km,From_latlon,To_latlon
South Ambient DC,South Ambient DC,0.0,"10.89750, 106.75110","10.89750, 106.75110"
South Ambient DC,MM AN PHU,11.8,"10.89750, 106.75110","10.79142, 106.74578"
South Ambient DC,MM BIEN HOA,9.3,"10.89750, 106.75110","10.95592, 106.81199"
South Ambient DC,MM BINH DUONG,14.2,"10.89750, 106.75110","10.98040, 106.65190"
South Ambient DC,MM BINH PHU,21.3,"10.89750, 106.75110","10.74533, 106.63228"
South Ambient DC,MM BUON MA THUOT,246.4,"10.89750, 106.75110","12.69771, 108.07174"
South Ambient DC,MM DA NANG,596.5,"10.89750, 106.75110","16.06778, 108.22083"
South Ambient DC,MM HA DONG,1124.5,"10.89750, 106.75110","20.96653, 105.77482"
South Ambient DC,MM HA LONG,1119.6,"10.89750, 106.75110","20.95880, 107.15422"
South Ambient DC,MM HIEP PHU,12.4,"10.89750, 106.75110","10.86690, 106.64185"
South Ambient DC,MM HOANG MAI,1123.4,"10.89750, 106.75110","20.96410, 105.85900"
South Ambient DC,MM HONG BANG,1108.3,"10.89750, 106.75110","20.86481, 106.68345"
South Ambient DC,MM HUNG LOI,145.6,"10.89750, 106.75110","10.01717, 105.76537"
South Ambient DC,MM LONG XUYEN,154.2,"10.89750, 106.75110","10.37043, 105.44585"
South Ambient DC,MM NHA TRANG,300.1,"10.89750, 106.75110","12.25744, 109.13105"
South Ambient DC,MM QUY NHON,414.4,"10.89750, 106.75110","13.74464, 109.21225"
South Ambient DC,MM RACH GIA,207.5,"10.89750, 106.75110","10.01250, 105.08090"
South Ambient DC,MM THANG LONG,1134.1,"10.89750, 106.75110","21.05450, 105.78230"
South Ambient DC,MM THANH XUAN,1127.1,"10.89750, 106.75110","20.99585, 105.84034"
South Ambient DC,MM VINH,870.8,"10.89750, 106.75110","18.66290, 105.70407"
South Ambient DC,MM VUNG TAU,71.3,"10.89750, 106.75110","10.34599, 107.08426"
MM AN PHU,South Ambient DC,11.8,"10.79142, 106.74578","10.89750, 106.75110"
MM AN PHU,MM AN PHU,0.0,"10.79142, 106.74578","10.79142, 106.74578"
MM AN PHU,MM BIEN HOA,19.7,"10.79142, 106.74578","10.95592, 106.81199"
MM AN PHU,MM BINH DUONG,23.4,"10.79142, 106.74578","10.98040, 106.65190"
MM AN PHU,MM BINH PHU,13.4,"10.79142, 106.74578","10.74533, 106.63228"
MM AN PHU,MM BUON MA THUOT,256.5,"10.79142, 106.74578","12.69771, 108.07174"
MM AN PHU,MM DA NANG,608.0,"10.79142, 106.74578","16.06778, 108.22083"
MM AN PHU,MM HA DONG,1136.2,"10.79142, 106.74578","20.96653, 105.77482"
MM AN PHU,MM HA LONG,1131.4,"10.79142, 106.74578","20.95880, 107.15422"
MM AN PHU,MM HIEP PHU,14.1,"10.79142, 106.74578","10.86690, 106.64185"
MM AN PHU,MM HOANG MAI,1135.1,"10.79142, 106.74578","20.96410, 105.85900"
MM AN PHU,MM HONG BANG,1120.1,"10.79142, 106.74578","20.86481, 106.68345"
MM AN PHU,MM HUNG LOI,137.5,"10.79142, 106.74578","10.01717, 105.76537"
MM AN PHU,MM LONG XUYEN,149.6,"10.79142, 106.74578","10.37043, 105.44585"
MM AN PHU,MM NHA TRANG,306.8,"10.79142, 106.74578","12.25744, 109.13105"
MM AN PHU,MM QUY NHON,423.8,"10.79142, 106.74578","13.74464, 109.21225"
MM AN PHU,MM RACH GIA,201.6,"10.79142, 106.74578","10.01250, 105.08090"
MM AN PHU,MM THANG LONG,1145.8,"10.79142, 106.74578","21.05450, 105.78230"
MM AN PHU,MM THANH XUAN,1138.8,"10.79142, 106.74578","20.99585, 105.84034"
MM AN PHU,MM VINH,882.4,"10.79142, 106.74578","18.66290, 105.70407"
MM AN PHU,MM VUNG TAU,61.8,"10.79142, 106.74578","10.34599, 107.08426"
MM BIEN HOA,South Ambient DC,9.3,"10.95592, 106.81199","10.89750, 106.75110"
MM BIEN HOA,MM AN PHU,19.7,"10.95592, 106.81199","10.79142, 106.74578"
MM BIEN HOA,MM BIEN HOA,0.0,"10.95592, 106.81199","10.95592, 106.81199"
MM BIEN HOA,MM BINH DUONG,17.7,"10.95592, 106.81199","10.98040, 106.65190"
MM BIEN HOA,MM BINH PHU,30.6,"10.95592, 106.81199","10.74533, 106.63228"
MM BIEN HOA,MM BUON MA THUOT,237.3,"10.95592, 106.81199","12.69771, 108.07174"
MM BIEN HOA,MM DA NANG,588.5,"10.95592, 106.81199","16.06778, 108.22083"
MM BIEN HOA,MM HA DONG,1118.6,"10.95592, 106.81199","20.96653, 105.77482"
MM BIEN HOA,MM HA LONG,1112.9,"10.95592, 106.81199","20.95880, 107.15422"
MM BIEN HOA,MM HIEP PHU,21.0,"10.95592, 106.81199","10.86690, 106.64185"
MM BIEN HOA,MM HOANG MAI,1117.5,"10.95592, 106.81199","20.96410, 105.85900"
MM BIEN HOA,MM HONG BANG,1101.9,"10.95592, 106.81199","20.86481, 106.68345"
MM BIEN HOA,MM HUNG LOI,154.9,"10.95592, 106.81199","10.01717, 105.76537"
MM BIEN HOA,MM LONG XUYEN,162.9,"10.95592, 106.81199","10.37043, 105.44585"
MM BIEN HOA,MM NHA TRANG,291.1,"10.95592, 106.81199","12.25744, 109.13105"
MM BIEN HOA,MM QUY NHON,405.1,"10.95592, 106.81199","13.74464, 109.21225"
MM BIEN HOA,MM RACH GIA,216.4,"10.95592, 106.81199","10.01250, 105.08090"
MM BIEN HOA,MM THANG LONG,1128.3,"10.95592, 106.81199","21.05450, 105.78230"
MM BIEN HOA,MM THANH XUAN,1121.2,"10.95592, 106.81199","20.99585, 105.84034"
MM BIEN HOA,MM VINH,865.2,"10.95592, 106.81199","18.66290, 105.70407"
MM BIEN HOA,MM VUNG TAU,74.1,"10.95592, 106.81199","10.34599, 107.08426"
MM BINH DUONG,South Ambient DC,14.2,"10.98040, 106.65190","10.89750, 106.75110"
MM BINH DUONG,MM AN PHU,23.4,"10.98040, 106.65190","10.79142, 106.74578"
MM BINH DUONG,MM BIEN HOA,17.7,"10.98040, 106.65190","10.95592, 106.81199"
MM BINH DUONG,MM BINH DUONG,0.0,"10.98040, 106.65190","10.98040, 106.65190"
MM BINH DUONG,MM BINH PHU,26.2,"10.98040, 106.65190","10.74533, 106.63228"
MM BINH DUONG,MM BUON MA THUOT,245.6,"10.98040, 106.65190","12.69771, 108.07174"
MM BINH DUONG,MM DA NANG,590.6,"10.98040, 106.65190","16.06778, 108.22083"
MM BINH DUONG,MM HA DONG,1114.3,"10.98040, 106.65190","20.96653, 105.77482"
MM BINH DUONG,MM HA LONG,1110.8,"10.98040, 106.65190","20.95880, 107.15422"
MM BINH DUONG,MM HIEP PHU,12.7,"10.98040, 106.65190","10.86690, 106.64185"
MM BINH DUONG,MM HOANG MAI,1113.4,"10.98040, 106.65190","20.96410, 105.85900"
MM BINH DUONG,MM HONG BANG,1099.1,"10.98040, 106.65190","20.86481, 106.68345"
MM BINH DUONG,MM HUNG LOI,144.5,"10.98040, 106.65190","10.01717, 105.76537"
MM BINH DUONG,MM LONG XUYEN,148.2,"10.98040, 106.65190","10.37043, 105.44585"
MM BINH DUONG,MM NHA TRANG,305.1,"10.98040, 106.65190","12.25744, 109.13105"
MM BINH DUONG,MM QUY NHON,414.5,"10.98040, 106.65190","13.74464, 109.21225"
MM BINH DUONG,MM RACH GIA,202.7,"10.98040, 106.65190","10.01250, 105.08090"
MM BINH DUONG,MM THANG LONG,1124.0,"10.98040, 106.65190","21.05450, 105.78230"
MM BINH DUONG,MM THANH XUAN,1117.0,"10.98040, 106.65190","20.99585, 105.84034"
MM BINH DUONG,MM VINH,860.3,"10.98040, 106.65190","18.66290, 105.70407"
MM BINH DUONG,MM VUNG TAU,84.9,"10.98040, 106.65190","10.34599, 107.08426"
MM BINH PHU,South Ambient DC,21.3,"10.74533, 106.63228","10.89750, 106.75110"
MM BINH PHU,MM AN PHU,13.4,"10.74533, 106.63228","10.79142, 106.74578"
MM BINH PHU,MM BIEN HOA,30.6,"10.74533, 106.63228","10.95592, 106.81199"
MM BINH PHU,MM BINH DUONG,26.2,"10.74533, 106.63228","10.98040, 106.65190"
MM BINH PHU,MM BINH PHU,0.0,"10.74533, 106.63228","10.74533, 106.63228"
MM BINH PHU,MM BUON MA THUOT,267.7,"10.74533, 106.63228","12.69771, 108.07174"
MM BINH PHU,MM DA NANG,616.2,"10.74533, 106.63228","16.06778, 108.22083"
MM BINH PHU,MM HA DONG,1140.2,"10.74533, 106.63228","20.96653, 105.77482"
MM BINH PHU,MM HA LONG,1137.1,"10.74533, 106.63228","20.95880, 107.15422"
MM BINH PHU,MM HIEP PHU,13.6,"10.74533, 106.63228","10.86690, 106.64185"
MM BINH PHU,MM HOANG MAI,1139.3,"10.74533, 106.63228","20.96410, 105.85900"
MM BINH PHU,MM HONG BANG,1125.2,"10.74533, 106.63228","20.86481, 106.68345"
MM BINH PHU,MM HUNG LOI,124.7,"10.74533, 106.63228","10.01717, 105.76537"
MM BINH PHU,MM LONG XUYEN,136.2,"10.74533, 106.63228","10.37043, 105.44585"
MM BINH PHU,MM NHA TRANG,320.0,"10.74533, 106.63228","12.25744, 109.13105"
MM BINH PHU,MM QUY NHON,435.7,"10.74533, 106.63228","13.74464, 109.21225"
MM BINH PHU,MM RACH GIA,188.2,"10.74533, 106.63228","10.01250, 105.08090"
MM BINH PHU,MM THANG LONG,1149.9,"10.74533, 106.63228","21.05450, 105.78230"
MM BINH PHU,MM THANH XUAN,1142.9,"10.74533, 106.63228","20.99585, 105.84034"
MM BINH PHU,MM VINH,886.0,"10.74533, 106.63228","18.66290, 105.70407"
MM BINH PHU,MM VUNG TAU,66.4,"10.74533, 106.63228","10.34599, 107.08426"
MM BUON MA THUOT,South Ambient DC,246.4,"12.69771, 108.07174","10.89750, 106.75110"
MM BUON MA THUOT,MM AN PHU,256.5,"12.69771, 108.07174","10.79142, 106.74578"
MM BUON MA THUOT,MM BIEN HOA,237.3,"12.69771, 108.07174","10.95592, 106.81199"
MM BUON MA THUOT,MM BINH DUONG,245.6,"12.69771, 108.07174","10.98040, 106.65190"
MM BUON MA THUOT,MM BINH PHU,267.7,"12.69771, 108.07174","10.74533, 106.63228"
MM BUON MA THUOT,MM BUON MA THUOT,0.0,"12.69771, 108.07174","12.69771, 108.07174"
MM BUON MA THUOT,MM DA NANG,375.1,"12.69771, 108.07174","16.06778, 108.22083"
MM BUON MA THUOT,MM HA DONG,951.3,"12.69771, 108.07174","20.96653, 105.77482"
MM BUON MA THUOT,MM HA LONG,923.8,"12.69771, 108.07174","20.95880, 107.15422"
MM BUON MA THUOT,MM HIEP PHU,256.3,"12.69771, 108.07174","10.86690, 106.64185"
MM BUON MA THUOT,MM HOANG MAI,948.8,"12.69771, 108.07174","20.96410, 105.85900"
MM BUON MA THUOT,MM HONG BANG,920.1,"12.69771, 108.07174","20.86481, 106.68345"
MM BUON MA THUOT,MM HUNG LOI,389.9,"12.69771, 108.07174","10.01717, 105.76537"
MM BUON MA THUOT,MM LONG XUYEN,385.7,"12.69771, 108.07174","10.37043, 105.44585"
MM BUON MA THUOT,MM NHA TRANG,125.0,"12.69771, 108.07174","12.25744, 109.13105"
MM BUON MA THUOT,MM QUY NHON,169.7,"12.69771, 108.07174","13.74464, 109.21225"
MM BUON MA THUOT,MM RACH GIA,442.1,"12.69771, 108.07174","10.01250, 105.08090"
MM BUON MA THUOT,MM THANG LONG,960.6,"12.69771, 108.07174","21.05450, 105.78230"
MM BUON MA THUOT,MM THANH XUAN,952.7,"12.69771, 108.07174","20.99585, 105.84034"
MM BUON MA THUOT,MM VINH,710.0,"12.69771, 108.07174","18.66290, 105.70407"
MM BUON MA THUOT,MM VUNG TAU,282.8,"12.69771, 108.07174","10.34599, 107.08426"
MM DA NANG,South Ambient DC,596.5,"16.06778, 108.22083","10.89750, 106.75110"
MM DA NANG,MM AN PHU,608.0,"16.06778, 108.22083","10.79142, 106.74578"
MM DA NANG,MM BIEN HOA,588.5,"16.06778, 108.22083","10.95592, 106.81199"
MM DA NANG,MM BINH DUONG,590.6,"16.06778, 108.22083","10.98040, 106.65190"
MM DA NANG,MM BINH PHU,616.2,"16.06778, 108.22083","10.74533, 106.63228"
MM DA NANG,MM BUON MA THUOT,375.1,"16.06778, 108.22083","12.69771, 108.07174"
MM DA NANG,MM DA NANG,0.0,"16.06778, 108.22083","16.06778, 108.22083"
MM DA NANG,MM HA DONG,602.6,"16.06778, 108.22083","20.96653, 105.77482"
MM DA NANG,MM HA LONG,555.4,"16.06778, 108.22083","20.95880, 107.15422"
MM DA NANG,MM HIEP PHU,603.0,"16.06778, 108.22083","10.86690, 106.64185"
MM DA NANG,MM HOANG MAI,598.7,"16.06778, 108.22083","20.96410, 105.85900"
MM DA NANG,MM HONG BANG,557.5,"16.06778, 108.22083","20.86481, 106.68345"
MM DA NANG,MM HUNG LOI,723.4,"16.06778, 108.22083","10.01717, 105.76537"
MM DA NANG,MM LONG XUYEN,701.1,"16.06778, 108.22083","10.37043, 105.44585"
MM DA NANG,MM NHA TRANG,434.9,"16.06778, 108.22083","12.25744, 109.13105"
MM DA NANG,MM QUY NHON,279.4,"16.06778, 108.22083","13.74464, 109.21225"
MM DA NANG,MM RACH GIA,754.3,"16.06778, 108.22083","10.01250, 105.08090"
MM DA NANG,MM THANG LONG,611.1,"16.06778, 108.22083","21.05450, 105.78230"
MM DA NANG,MM THANH XUAN,602.7,"16.06778, 108.22083","20.99585, 105.84034"
MM DA NANG,MM VINH,393.2,"16.06778, 108.22083","18.66290, 105.70407"
MM DA NANG,MM VUNG TAU,648.0,"16.06778, 108.22083","10.34599, 107.08426"
MM HA DONG,South Ambient DC,1124.5,"20.96653, 105.77482","10.89750, 106.75110"
MM HA DONG,MM AN PHU,1136.2,"20.96653, 105.77482","10.79142, 106.74578"
MM HA DONG,MM BIEN HOA,1118.6,"20.96653, 105.77482","10.95592, 106.81199"
MM HA DONG,MM BINH DUONG,1114.3,"20.96653, 105.77482","10.98040, 106.65190"
MM HA DONG,MM BINH PHU,1140.2,"20.96653, 105.77482","10.74533, 106.63228"
MM HA DONG,MM BUON MA THUOT,951.3,"20.96653, 105.77482","12.69771, 108.07174"
MM HA DONG,MM DA NANG,602.6,"20.96653, 105.77482","16.06778, 108.22083"
MM HA DONG,MM HA DONG,0.0,"20.96653, 105.77482","20.96653, 105.77482"
MM HA DONG,MM HA LONG,143.2,"20.96653, 105.77482","20.95880, 107.15422"
MM HA DONG,MM HIEP PHU,1126.8,"20.96653, 105.77482","10.86690, 106.64185"
MM HA DONG,MM HOANG MAI,8.7,"20.96653, 105.77482","20.96410, 105.85900"
MM HA DONG,MM HONG BANG,95.1,"20.96653, 105.77482","20.86481, 106.68345"
MM HA DONG,MM HUNG LOI,1217.5,"20.96653, 105.77482","10.01717, 105.76537"
MM HA DONG,MM LONG XUYEN,1178.8,"20.96653, 105.77482","10.37043, 105.44585"
MM HA DONG,MM NHA TRANG,1032.2,"20.96653, 105.77482","12.25744, 109.13105"
MM HA DONG,MM QUY NHON,881.9,"20.96653, 105.77482","13.74464, 109.21225"
MM HA DONG,MM RACH GIA,1220.3,"20.96653, 105.77482","10.01250, 105.08090"
MM HA DONG,MM THANG LONG,9.8,"20.96653, 105.77482","21.05450, 105.78230"
MM HA DONG,MM THANH XUAN,7.5,"20.96653, 105.77482","20.99585, 105.84034"
MM HA DONG,MM VINH,256.3,"20.96653, 105.77482","18.66290, 105.70407"
MM HA DONG,MM VUNG TAU,1189.2,"20.96653, 105.77482","10.34599, 107.08426"
MM HA LONG,South Ambient DC,1119.6,"20.95880, 107.15422","10.89750, 106.75110"
MM HA LONG,MM AN PHU,1131.4,"20.95880, 107.15422","10.79142, 106.74578"
MM HA LONG,MM BIEN HOA,1112.9,"20.95880, 107.15422","10.95592, 106.81199"
MM HA LONG,MM BINH DUONG,1110.8,"20.95880, 107.15422","10.98040, 106.65190"
MM HA LONG,MM BINH PHU,1137.1,"20.95880, 107.15422","10.74533, 106.63228"
MM HA LONG,MM BUON MA THUOT,923.8,"20.95880, 107.15422","12.69771, 108.07174"
MM HA LONG,MM DA NANG,555.4,"20.95880, 107.15422","16.06778, 108.22083"
MM HA LONG,MM HA DONG,143.2,"20.95880, 107.15422","20.96653, 105.77482"
MM HA LONG,MM HA LONG,0.0,"20.95880, 107.15422","20.95880, 107.15422"
MM HA LONG,MM HIEP PHU,1123.5,"20.95880, 107.15422","10.86690, 106.64185"
MM HA LONG,MM HOANG MAI,134.5,"20.95880, 107.15422","20.96410, 105.85900"
MM HA LONG,MM HONG BANG,50.0,"20.95880, 107.15422","20.86481, 106.68345"
MM HA LONG,MM HUNG LOI,1225.7,"20.95880, 107.15422","10.01717, 105.76537"
MM HA LONG,MM LONG XUYEN,1191.4,"20.95880, 107.15422","10.37043, 105.44585"
MM HA LONG,MM NHA TRANG,990.2,"20.95880, 107.15422","12.25744, 109.13105"
MM HA LONG,MM QUY NHON,831.3,"20.95880, 107.15422","13.74464, 109.21225"
MM HA LONG,MM RACH GIA,1237.2,"20.95880, 107.15422","10.01250, 105.08090"
MM HA LONG,MM THANG LONG,142.8,"20.95880, 107.15422","21.05450, 105.78230"
MM HA LONG,MM THANH XUAN,136.5,"20.95880, 107.15422","20.99585, 105.84034"
MM HA LONG,MM VINH,297.0,"20.95880, 107.15422","18.66290, 105.70407"
MM HA LONG,MM VUNG TAU,1180.1,"20.95880, 107.15422","10.34599, 107.08426"
MM HIEP PHU,South Ambient DC,12.4,"10.86690, 106.64185","10.89750, 106.75110"
MM HIEP PHU,MM AN PHU,14.1,"10.86690, 106.64185","10.79142, 106.74578"
MM HIEP PHU,MM BIEN HOA,21.0,"10.86690, 106.64185","10.95592, 106.81199"
MM HIEP PHU,MM BINH DUONG,12.7,"10.86690, 106.64185","10.98040, 106.65190"
MM HIEP PHU,MM BINH PHU,13.6,"10.86690, 106.64185","10.74533, 106.63228"
MM HIEP PHU,MM BUON MA THUOT,256.3,"10.86690, 106.64185","12.69771, 108.07174"
MM HIEP PHU,MM DA NANG,603.0,"10.86690, 106.64185","16.06778, 108.22083"
MM HIEP PHU,MM HA DONG,1126.8,"10.86690, 106.64185","20.96653, 105.77482"
MM HIEP PHU,MM HA LONG,1123.5,"10.86690, 106.64185","20.95880, 107.15422"
MM HIEP PHU,MM HIEP PHU,0.0,"10.86690, 106.64185","10.86690, 106.64185"
MM HIEP PHU,MM HOANG MAI,1125.9,"10.86690, 106.64185","20.96410, 105.85900"
MM HIEP PHU,MM HONG BANG,1111.7,"10.86690, 106.64185","20.86481, 106.68345"
MM HIEP PHU,MM HUNG LOI,134.6,"10.86690, 106.64185","10.01717, 105.76537"
MM HIEP PHU,MM LONG XUYEN,141.9,"10.86690, 106.64185","10.37043, 105.44585"
MM HIEP PHU,MM NHA TRANG,312.1,"10.86690, 106.64185","12.25744, 109.13105"
MM HIEP PHU,MM QUY NHON,424.7,"10.86690, 106.64185","13.74464, 109.21225"
MM HIEP PHU,MM RACH GIA,195.4,"10.86690, 106.64185","10.01250, 105.08090"
MM HIEP PHU,MM THANG LONG,1136.5,"10.86690, 106.64185","21.05450, 105.78230"
MM HIEP PHU,MM THANH XUAN,1129.5,"10.86690, 106.64185","20.99585, 105.84034"
MM HIEP PHU,MM VINH,872.7,"10.86690, 106.64185","18.66290, 105.70407"
MM HIEP PHU,MM VUNG TAU,75.5,"10.86690, 106.64185","10.34599, 107.08426"
MM HOANG MAI,South Ambient DC,1123.4,"20.96410, 105.85900","10.89750, 106.75110"
MM HOANG MAI,MM AN PHU,1135.1,"20.96410, 105.85900","10.79142, 106.74578"
MM HOANG MAI,MM BIEN HOA,1117.5,"20.96410, 105.85900","10.95592, 106.81199"
MM HOANG MAI,MM BINH DUONG,1113.4,"20.96410, 105.85900","10.98040, 106.65190"
MM HOANG MAI,MM BINH PHU,1139.3,"20.96410, 105.85900","10.74533, 106.63228"
MM HOANG MAI,MM BUON MA THUOT,948.8,"20.96410, 105.85900","12.69771, 108.07174"
MM HOANG MAI,MM DA NANG,598.7,"20.96410, 105.85900","16.06778, 108.22083"
MM HOANG MAI,MM HA DONG,8.7,"20.96410, 105.85900","20.96653, 105.77482"
MM HOANG MAI,MM HA LONG,134.5,"20.96410, 105.85900","20.95880, 107.15422"
MM HOANG MAI,MM HIEP PHU,1125.9,"20.96410, 105.85900","10.86690, 106.64185"
MM HOANG MAI,MM HOANG MAI,0.0,"20.96410, 105.85900","20.96410, 105.85900"
MM HOANG MAI,MM HONG BANG,86.3,"20.96410, 105.85900","20.86481, 106.68345"
MM HOANG MAI,MM HUNG LOI,1217.3,"20.96410, 105.85900","10.01717, 105.76537"
MM HOANG MAI,MM LONG XUYEN,1178.8,"20.96410, 105.85900","10.37043, 105.44585"
MM HOANG MAI,MM NHA TRANG,1028.9,"20.96410, 105.85900","12.25744, 109.13105"
MM HOANG MAI,MM QUY NHON,878.0,"20.96410, 105.85900","13.74464, 109.21225"
MM HOANG MAI,MM RACH GIA,1220.6,"20.96410, 105.85900","10.01250, 105.08090"
MM HOANG MAI,MM THANG LONG,12.8,"20.96410, 105.85900","21.05450, 105.78230"
MM HOANG MAI,MM THANH XUAN,4.0,"20.96410, 105.85900","20.99585, 105.84034"
MM HOANG MAI,MM VINH,256.4,"20.96410, 105.85900","18.66290, 105.70407"
MM HOANG MAI,MM VUNG TAU,1187.9,"20.96410, 105.85900","10.34599, 107.08426"
MM HONG BANG,South Ambient DC,1108.3,"20.86481, 106.68345","10.89750, 106.75110"
MM HONG BANG,MM AN PHU,1120.1,"20.86481, 106.68345","10.79142, 106.74578"
MM HONG BANG,MM BIEN HOA,1101.9,"20.86481, 106.68345","10.95592, 106.81199"
MM HONG BANG,MM BINH DUONG,1099.1,"20.86481, 106.68345","10.98040, 106.65190"
MM HONG BANG,MM BINH PHU,1125.2,"20.86481, 106.68345","10.74533, 106.63228"
MM HONG BANG,MM BUON MA THUOT,920.1,"20.86481, 106.68345","12.69771, 108.07174"
MM HONG BANG,MM DA NANG,557.5,"20.86481, 106.68345","16.06778, 108.22083"
MM HONG BANG,MM HA DONG,95.1,"20.86481, 106.68345","20.96653, 105.77482"
MM HONG BANG,MM HA LONG,50.0,"20.86481, 106.68345","20.95880, 107.15422"
MM HONG BANG,MM HIEP PHU,1111.7,"20.86481, 106.68345","10.86690, 106.64185"
MM HONG BANG,MM HOANG MAI,86.3,"20.86481, 106.68345","20.96410, 105.85900"
MM HONG BANG,MM HONG BANG,0.0,"20.86481, 106.68345","20.86481, 106.68345"
MM HONG BANG,MM HUNG LOI,1210.2,"20.86481, 106.68345","10.01717, 105.76537"
MM HONG BANG,MM LONG XUYEN,1174.4,"20.86481, 106.68345","10.37043, 105.44585"
MM HONG BANG,MM NHA TRANG,991.9,"20.86481, 106.68345","12.25744, 109.13105"
MM HONG BANG,MM QUY NHON,835.9,"20.86481, 106.68345","13.74464, 109.21225"
MM HONG BANG,MM RACH GIA,1218.8,"20.86481, 106.68345","10.01250, 105.08090"
MM HONG BANG,MM THANG LONG,95.9,"20.86481, 106.68345","21.05450, 105.78230"
MM HONG BANG,MM THANH XUAN,88.8,"20.86481, 106.68345","20.99585, 105.84034"
MM HONG BANG,MM VINH,265.4,"20.86481, 106.68345","18.66290, 105.70407"
MM HONG BANG,MM VUNG TAU,1170.4,"20.86481, 106.68345","10.34599, 107.08426"
MM HUNG LOI,South Ambient DC,145.6,"10.01717, 105.76537","10.89750, 106.75110"
MM HUNG LOI,MM AN PHU,137.5,"10.01717, 105.76537","10.79142, 106.74578"
MM HUNG LOI,MM BIEN HOA,154.9,"10.01717, 105.76537","10.95592, 106.81199"
MM HUNG LOI,MM BINH DUONG,144.5,"10.01717, 105.76537","10.98040, 106.65190"
MM HUNG LOI,MM BINH PHU,124.7,"10.01717, 105.76537","10.74533, 106.63228"
MM HUNG LOI,MM BUON MA THUOT,389.9,"10.01717, 105.76537","12.69771, 108.07174"
MM HUNG LOI,MM DA NANG,723.4,"10.01717, 105.76537","16.06778, 108.22083"
MM HUNG LOI,MM HA DONG,1217.5,"10.01717, 105.76537","20.96653, 105.77482"
MM HUNG LOI,MM HA LONG,1225.7,"10.01717, 105.76537","20.95880, 107.15422"
MM HUNG LOI,MM HIEP PHU,134.6,"10.01717, 105.76537","10.86690, 106.64185"
MM HUNG LOI,MM HOANG MAI,1217.3,"10.01717, 105.76537","20.96410, 105.85900"
MM HUNG LOI,MM HONG BANG,1210.2,"10.01717, 105.76537","20.86481, 106.68345"
MM HUNG LOI,MM HUNG LOI,0.0,"10.01717, 105.76537","10.01717, 105.76537"
MM HUNG LOI,MM LONG XUYEN,52.6,"10.01717, 105.76537","10.37043, 105.44585"
MM HUNG LOI,MM NHA TRANG,443.7,"10.01717, 105.76537","12.25744, 109.13105"
MM HUNG LOI,MM QUY NHON,558.9,"10.01717, 105.76537","13.74464, 109.21225"
MM HUNG LOI,MM RACH GIA,75.0,"10.01717, 105.76537","10.01250, 105.08090"
MM HUNG LOI,MM THANG LONG,1227.3,"10.01717, 105.76537","21.05450, 105.78230"
MM HUNG LOI,MM THANH XUAN,1220.8,"10.01717, 105.76537","20.99585, 105.84034"
MM HUNG LOI,MM VINH,961.4,"10.01717, 105.76537","18.66290, 105.70407"
MM HUNG LOI,MM VUNG TAU,148.9,"10.01717, 105.76537","10.34599, 107.08426"
MM LONG XUYEN,South Ambient DC,154.2,"10.37043, 105.44585","10.89750, 106.75110"
MM LONG XUYEN,MM AN PHU,149.6,"10.37043, 105.44585","10.79142, 106.74578"
MM LONG XUYEN,MM BIEN HOA,162.9,"10.37043, 105.44585","10.95592, 106.81199"
MM LONG XUYEN,MM BINH DUONG,148.2,"10.37043, 105.44585","10.98040, 106.65190"
MM LONG XUYEN,MM BINH PHU,136.2,"10.37043, 105.44585","10.74533, 106.63228"
MM LONG XUYEN,MM BUON MA THUOT,385.7,"10.37043, 105.44585","12.69771, 108.07174"
MM LONG XUYEN,MM DA NANG,701.1,"10.37043, 105.44585","16.06778, 108.22083"
MM LONG XUYEN,MM HA DONG,1178.8,"10.37043, 105.44585","20.96653, 105.77482"
MM LONG XUYEN,MM HA LONG,1191.4,"10.37043, 105.44585","20.95880, 107.15422"
MM LONG XUYEN,MM HIEP PHU,141.9,"10.37043, 105.44585","10.86690, 106.64185"
MM LONG XUYEN,MM HOANG MAI,1178.8,"10.37043, 105.44585","20.96410, 105.85900"
MM LONG XUYEN,MM HONG BANG,1174.4,"10.37043, 105.44585","20.86481, 106.68345"
MM LONG XUYEN,MM HUNG LOI,52.6,"10.37043, 105.44585","10.01717, 105.76537"
MM LONG XUYEN,MM LONG XUYEN,0.0,"10.37043, 105.44585","10.37043, 105.44585"
MM LONG XUYEN,MM NHA TRANG,453.3,"10.37043, 105.44585","12.25744, 109.13105"
MM LONG XUYEN,MM QUY NHON,555.4,"10.37043, 105.44585","13.74464, 109.21225"
MM LONG XUYEN,MM RACH GIA,56.4,"10.37043, 105.44585","10.01250, 105.08090"
MM LONG XUYEN,MM THANG LONG,1188.6,"10.37043, 105.44585","21.05450, 105.78230"
MM LONG XUYEN,MM THANH XUAN,1182.2,"10.37043, 105.44585","20.99585, 105.84034"
MM LONG XUYEN,MM VINH,922.5,"10.37043, 105.44585","18.66290, 105.70407"
MM LONG XUYEN,MM VUNG TAU,179.2,"10.37043, 105.44585","10.34599, 107.08426"
MM NHA TRANG,South Ambient DC,300.1,"12.25744, 109.13105","10.89750, 106.75110"
MM NHA TRANG,MM AN PHU,306.8,"12.25744, 109.13105","10.79142, 106.74578"
MM NHA TRANG,MM BIEN HOA,291.1,"12.25744, 109.13105","10.95592, 106.81199"
MM NHA TRANG,MM BINH DUONG,305.1,"12.25744, 109.13105","10.98040, 106.65190"
MM NHA TRANG,MM BINH PHU,320.0,"12.25744, 109.13105","10.74533, 106.63228"
MM NHA TRANG,MM BUON MA THUOT,125.0,"12.25744, 109.13105","12.69771, 108.07174"
MM NHA TRANG,MM DA NANG,434.9,"12.25744, 109.13105","16.06778, 108.22083"
MM NHA TRANG,MM HA DONG,1032.2,"12.25744, 109.13105","20.96653, 105.77482"
MM NHA TRANG,MM HA LONG,990.2,"12.25744, 109.13105","20.95880, 107.15422"
MM NHA TRANG,MM HIEP PHU,312.1,"12.25744, 109.13105","10.86690, 106.64185"
MM NHA TRANG,MM HOANG MAI,1028.9,"12.25744, 109.13105","20.96410, 105.85900"
MM NHA TRANG,MM HONG BANG,991.9,"12.25744, 109.13105","20.86481, 106.68345"
MM NHA TRANG,MM HUNG LOI,443.7,"12.25744, 109.13105","10.01717, 105.76537"
MM NHA TRANG,MM LONG XUYEN,453.3,"12.25744, 109.13105","10.37043, 105.44585"
MM NHA TRANG,MM NHA TRANG,0.0,"12.25744, 109.13105","12.25744, 109.13105"
MM NHA TRANG,MM QUY NHON,165.6,"12.25744, 109.13105","13.74464, 109.21225"
MM NHA TRANG,MM RACH GIA,507.5,"12.25744, 109.13105","10.01250, 105.08090"
MM NHA TRANG,MM THANG LONG,1041.1,"12.25744, 109.13105","21.05450, 105.78230"
MM NHA TRANG,MM THANH XUAN,1032.8,"12.25744, 109.13105","20.99585, 105.84034"
MM NHA TRANG,MM VINH,801.3,"12.25744, 109.13105","18.66290, 105.70407"
MM NHA TRANG,MM VUNG TAU,308.2,"12.25744, 109.13105","10.34599, 107.08426"
MM QUY NHON,South Ambient DC,414.4,"13.74464, 109.21225","10.89750, 106.75110"
MM QUY NHON,MM AN PHU,423.8,"13.74464, 109.21225","10.79142, 106.74578"
MM QUY NHON,MM BIEN HOA,405.1,"13.74464, 109.21225","10.95592, 106.81199"
MM QUY NHON,MM BINH DUONG,414.5,"13.74464, 109.21225","10.98040, 106.65190"
MM QUY NHON,MM BINH PHU,435.7,"13.74464, 109.21225","10.74533, 106.63228"
MM QUY NHON,MM BUON MA THUOT,169.7,"13.74464, 109.21225","12.69771, 108.07174"
MM QUY NHON,MM DA NANG,279.4,"13.74464, 109.21225","16.06778, 108.22083"
MM QUY NHON,MM HA DONG,881.9,"13.74464, 109.21225","20.96653, 105.77482"
MM QUY NHON,MM HA LONG,831.3,"13.74464, 109.21225","20.95880, 107.15422"
MM QUY NHON,MM HIEP PHU,424.7,"13.74464, 109.21225","10.86690, 106.64185"
MM QUY NHON,MM HOANG MAI,878.0,"13.74464, 109.21225","20.96410, 105.85900"
MM QUY NHON,MM HONG BANG,835.9,"13.74464, 109.21225","20.86481, 106.68345"
MM QUY NHON,MM HUNG LOI,558.9,"13.74464, 109.21225","10.01717, 105.76537"
MM QUY NHON,MM LONG XUYEN,555.4,"13.74464, 109.21225","10.37043, 105.44585"
MM QUY NHON,MM NHA TRANG,165.6,"13.74464, 109.21225","12.25744, 109.13105"
MM QUY NHON,MM QUY NHON,0.0,"13.74464, 109.21225","13.74464, 109.21225"
MM QUY NHON,MM RACH GIA,611.7,"13.74464, 109.21225","10.01250, 105.08090"
MM QUY NHON,MM THANG LONG,890.4,"13.74464, 109.21225","21.05450, 105.78230"
MM QUY NHON,MM THANH XUAN,882.0,"13.74464, 109.21225","20.99585, 105.84034"
MM QUY NHON,MM VINH,662.8,"13.74464, 109.21225","18.66290, 105.70407"
MM QUY NHON,MM VUNG TAU,443.1,"13.74464, 109.21225","10.34599, 107.08426"
MM RACH GIA,South Ambient DC,207.5,"10.01250, 105.08090","10.89750, 106.75110"
MM RACH GIA,MM AN PHU,201.6,"10.01250, 105.08090","10.79142, 106.74578"
MM RACH GIA,MM BIEN HOA,216.4,"10.01250, 105.08090","10.95592, 106.81199"
MM RACH GIA,MM BINH DUONG,202.7,"10.01250, 105.08090","10.98040, 106.65190"
MM RACH GIA,MM BINH PHU,188.2,"10.01250, 105.08090","10.74533, 106.63228"
MM RACH GIA,MM BUON MA THUOT,442.1,"10.01250, 105.08090","12.69771, 108.07174"
MM RACH GIA,MM DA NANG,754.3,"10.01250, 105.08090","16.06778, 108.22083"
MM RACH GIA,MM HA DONG,1220.3,"10.01250, 105.08090","20.96653, 105.77482"
MM RACH GIA,MM HA LONG,1237.2,"10.01250, 105.08090","20.95880, 107.15422"
MM RACH GIA,MM HIEP PHU,195.4,"10.01250, 105.08090","10.86690, 106.64185"
MM RACH GIA,MM HOANG MAI,1220.6,"10.01250, 105.08090","20.96410, 105.85900"
MM RACH GIA,MM HONG BANG,1218.8,"10.01250, 105.08090","20.86481, 106.68345"
MM RACH GIA,MM HUNG LOI,75.0,"10.01250, 105.08090","10.01717, 105.76537"
MM RACH GIA,MM LONG XUYEN,56.4,"10.01250, 105.08090","10.37043, 105.44585"
MM RACH GIA,MM NHA TRANG,507.5,"10.01250, 105.08090","12.25744, 109.13105"
MM RACH GIA,MM QUY NHON,611.7,"10.01250, 105.08090","13.74464, 109.21225"
MM RACH GIA,MM RACH GIA,0.0,"10.01250, 105.08090","10.01250, 105.08090"
MM RACH GIA,MM THANG LONG,1230.1,"10.01250, 105.08090","21.05450, 105.78230"
MM RACH GIA,MM THANH XUAN,1224.0,"10.01250, 105.08090","20.99585, 105.84034"
MM RACH GIA,MM VINH,964.2,"10.01250, 105.08090","18.66290, 105.70407"
MM RACH GIA,MM VUNG TAU,222.4,"10.01250, 105.08090","10.34599, 107.08426"
MM THANG LONG,South Ambient DC,1134.1,"21.05450, 105.78230","10.89750, 106.75110"
MM THANG LONG,MM AN PHU,1145.8,"21.05450, 105.78230","10.79142, 106.74578"
MM THANG LONG,MM BIEN HOA,1128.3,"21.05450, 105.78230","10.95592, 106.81199"
MM THANG LONG,MM BINH DUONG,1124.0,"21.05450, 105.78230","10.98040, 106.65190"
MM THANG LONG,MM BINH PHU,1149.9,"21.05450, 105.78230","10.74533, 106.63228"
MM THANG LONG,MM BUON MA THUOT,960.6,"21.05450, 105.78230","12.69771, 108.07174"
MM THANG LONG,MM DA NANG,611.1,"21.05450, 105.78230","16.06778, 108.22083"
MM THANG LONG,MM HA DONG,9.8,"21.05450, 105.78230","20.96653, 105.77482"
MM THANG LONG,MM HA LONG,142.8,"21.05450, 105.78230","20.95880, 107.15422"
MM THANG LONG,MM HIEP PHU,1136.5,"21.05450, 105.78230","10.86690, 106.64185"
MM THANG LONG,MM HOANG MAI,12.8,"21.05450, 105.78230","20.96410, 105.85900"
MM THANG LONG,MM HONG BANG,95.9,"21.05450, 105.78230","20.86481, 106.68345"
MM THANG LONG,MM HUNG LOI,1227.3,"21.05450, 105.78230","10.01717, 105.76537"
MM THANG LONG,MM LONG XUYEN,1188.6,"21.05450, 105.78230","10.37043, 105.44585"
MM THANG LONG,MM NHA TRANG,1041.1,"21.05450, 105.78230","12.25744, 109.13105"
MM THANG LONG,MM QUY NHON,890.4,"21.05450, 105.78230","13.74464, 109.21225"
MM THANG LONG,MM RACH GIA,1230.1,"21.05450, 105.78230","10.01250, 105.08090"
MM THANG LONG,MM THANG LONG,0.0,"21.05450, 105.78230","21.05450, 105.78230"
MM THANG LONG,MM THANH XUAN,8.9,"21.05450, 105.78230","20.99585, 105.84034"
MM THANG LONG,MM VINH,266.1,"21.05450, 105.78230","18.66290, 105.70407"
MM THANG LONG,MM VUNG TAU,1198.8,"21.05450, 105.78230","10.34599, 107.08426"
MM THANH XUAN,South Ambient DC,1127.1,"20.99585, 105.84034","10.89750, 106.75110"
MM THANH XUAN,MM AN PHU,1138.8,"20.99585, 105.84034","10.79142, 106.74578"
MM THANH XUAN,MM BIEN HOA,1121.2,"20.99585, 105.84034","10.95592, 106.81199"
MM THANH XUAN,MM BINH DUONG,1117.0,"20.99585, 105.84034","10.98040, 106.65190"
MM THANH XUAN,MM BINH PHU,1142.9,"20.99585, 105.84034","10.74533, 106.63228"
MM THANH XUAN,MM BUON MA THUOT,952.7,"20.99585, 105.84034","12.69771, 108.07174"
MM THANH XUAN,MM DA NANG,602.7,"20.99585, 105.84034","16.06778, 108.22083"
MM THANH XUAN,MM HA DONG,7.5,"20.99585, 105.84034","20.96653, 105.77482"
MM THANH XUAN,MM HA LONG,136.5,"20.99585, 105.84034","20.95880, 107.15422"
MM THANH XUAN,MM HIEP PHU,1129.5,"20.99585, 105.84034","10.86690, 106.64185"
MM THANH XUAN,MM HOANG MAI,4.0,"20.99585, 105.84034","20.96410, 105.85900"
MM THANH XUAN,MM HONG BANG,88.8,"20.99585, 105.84034","20.86481, 106.68345"
MM THANH XUAN,MM HUNG LOI,1220.8,"20.99585, 105.84034","10.01717, 105.76537"
MM THANH XUAN,MM LONG XUYEN,1182.2,"20.99585, 105.84034","10.37043, 105.44585"
MM THANH XUAN,MM NHA TRANG,1032.8,"20.99585, 105.84034","12.25744, 109.13105"
MM THANH XUAN,MM QUY NHON,882.0,"20.99585, 105.84034","13.74464, 109.21225"
MM THANH XUAN,MM RACH GIA,1224.0,"20.99585, 105.84034","10.01250, 105.08090"
MM THANH XUAN,MM THANG LONG,8.9,"20.99585, 105.84034","21.05450, 105.78230"
MM THANH XUAN,MM THANH XUAN,0.0,"20.99585, 105.84034","20.99585, 105.84034"
MM THANH XUAN,MM VINH,259.8,"20.99585, 105.84034","18.66290, 105.70407"
MM THANH XUAN,MM VUNG TAU,1191.6,"20.99585, 105.84034","10.34599, 107.08426"
MM VINH,South Ambient DC,870.8,"18.66290, 105.70407","10.89750, 106.75110"
MM VINH,MM AN PHU,882.4,"18.66290, 105.70407","10.79142, 106.74578"
MM VINH,MM BIEN HOA,865.2,"18.66290, 105.70407","10.95592, 106.81199"
MM VINH,MM BINH DUONG,860.3,"18.66290, 105.70407","10.98040, 106.65190"
MM VINH,MM BINH PHU,886.0,"18.66290, 105.70407","10.74533, 106.63228"
MM VINH,MM BUON MA THUOT,710.0,"18.66290, 105.70407","12.69771, 108.07174"
MM VINH,MM DA NANG,393.2,"18.66290, 105.70407","16.06778, 108.22083"
MM VINH,MM HA DONG,256.3,"18.66290, 105.70407","20.96653, 105.77482"
MM VINH,MM HA LONG,297.0,"18.66290, 105.70407","20.95880, 107.15422"
MM VINH,MM HIEP PHU,872.7,"18.66290, 105.70407","10.86690, 106.64185"
MM VINH,MM HOANG MAI,256.4,"18.66290, 105.70407","20.96410, 105.85900"
MM VINH,MM HONG BANG,265.4,"18.66290, 105.70407","20.86481, 106.68345"
MM VINH,MM HUNG LOI,961.4,"18.66290, 105.70407","10.01717, 105.76537"
MM VINH,MM LONG XUYEN,922.5,"18.66290, 105.70407","10.37043, 105.44585"
MM VINH,MM NHA TRANG,801.3,"18.66290, 105.70407","12.25744, 109.13105"
MM VINH,MM QUY NHON,662.8,"18.66290, 105.70407","13.74464, 109.21225"
MM VINH,MM RACH GIA,964.2,"18.66290, 105.70407","10.01250, 105.08090"
MM VINH,MM THANG LONG,266.1,"18.66290, 105.70407","21.05450, 105.78230"
MM VINH,MM THANH XUAN,259.8,"18.66290, 105.70407","20.99585, 105.84034"
MM VINH,MM VINH,0.0,"18.66290, 105.70407","18.66290, 105.70407"
MM VINH,MM VUNG TAU,936.6,"18.66290, 105.70407","10.34599, 107.08426"
MM VUNG TAU,South Ambient DC,71.3,"10.34599, 107.08426","10.89750, 106.75110"
MM VUNG TAU,MM AN PHU,61.8,"10.34599, 107.08426","10.79142, 106.74578"
MM VUNG TAU,MM BIEN HOA,74.1,"10.34599, 107.08426","10.95592, 106.81199"
MM VUNG TAU,MM BINH DUONG,84.9,"10.34599, 107.08426","10.98040, 106.65190"
MM VUNG TAU,MM BINH PHU,66.4,"10.34599, 107.08426","10.74533, 106.63228"
MM VUNG TAU,MM BUON MA THUOT,282.8,"10.34599, 107.08426","12.69771, 108.07174"
MM VUNG TAU,MM DA NANG,648.0,"10.34599, 107.08426","16.06778, 108.22083"
MM VUNG TAU,MM HA DONG,1189.2,"10.34599, 107.08426","20.96653, 105.77482"
MM VUNG TAU,MM HA LONG,1180.1,"10.34599, 107.08426","20.95880, 107.15422"
MM VUNG TAU,MM HIEP PHU,75.5,"10.34599, 107.08426","10.86690, 106.64185"
MM VUNG TAU,MM HOANG MAI,1187.9,"10.34599, 107.08426","20.96410, 105.85900"
MM VUNG TAU,MM HONG BANG,1170.4,"10.34599, 107.08426","20.86481, 106.68345"
MM VUNG TAU,MM HUNG LOI,148.9,"10.34599, 107.08426","10.01717, 105.76537"
MM VUNG TAU,MM LONG XUYEN,179.2,"10.34599, 107.08426","10.37043, 105.44585"
MM VUNG TAU,MM NHA TRANG,308.2,"10.34599, 107.08426","12.25744, 109.13105"
MM VUNG TAU,MM QUY NHON,443.1,"10.34599, 107.08426","13.74464, 109.21225"
MM VUNG TAU,MM RACH GIA,222.4,"10.34599, 107.08426","10.01250, 105.08090"
MM VUNG TAU,MM THANG LONG,1198.8,"10.34599, 107.08426","21.05450, 105.78230"
MM VUNG TAU,MM THANH XUAN,1191.6,"10.34599, 107.08426","20.99585, 105.84034"
MM VUNG TAU,MM VINH,936.6,"10.34599, 107.08426","18.66290, 105.70407"
MM VUNG TAU,MM VUNG TAU,0.0,"10.34599, 107.08426","10.34599, 107.08426"
